actor_id,name
1,7 Year Bitch
2,A.J. Langer
3,Aaron Eckhart
4,Abdel Ahmed Ghili
5,Abdolrahman Bagheri
6,Abraham Benrubi
7,Ad van Kempen
8,Adam Arkin
9,Adam Baldwin
10,Adam Beach
11,Adam Hann-Byrd
12,Adam Rich
13,Adam Sandler
14,Adam Trese
15,Adrian Dunbar
16,Adrian Pasdar
17,Adriana Alexander
18,Adriana Caselotti
19,Adrienne King
20,Adrienne Shelly
21,Aeryk Egan
22,Afshin Khorshid Bakhtiari
23,Agga Olsen
24,Agnes Moorehead
25,Aida Mohammadkhani
26,Aidan Gillen
27,Aidan Pendleton
28,Aidan Quinn
29,Aitana Sánchez-Gijón
30,Ajay Naidu
31,Akbar Kurtha
32,Akim Tamiroff
33,Akio Ôtsuka
34,Akira Takayama
35,Akira Terao
36,Al Franken
37,Al Freeman Jr.
38,Al Michaels
39,Al Pacino
40,Alain Chabat
41,Alain Delon
42,Alain Jouffroy
43,Alain Lathière
44,Alan Alda
45,Alan Arkin
46,Alan Bennett
47,Alan Boyle
48,Alan Cox
49,Alan Cumming
50,Alan Fawcett
51,Alan Ladd
52,Alan Randolph Scott
53,Alan Rickman
54,Alanna Ubach
55,Alannah Ong
56,Albert Brooks
57,Albert Finney
58,Albert Sharpe
59,Alberta Watson
60,Aldo Giuffrè
61,Alec Baldwin
62,Alec Guinness
63,Aleksander Bardini
64,Aleksandr Baluev
65,Aleksandr Kaydanovskiy
66,Aleksandra Vujcic
67,Alessandra Martines
68,Alessandro Nivola
69,Alex D. Linz
70,Alex Jennings
71,Alex McArthur
72,Alex McKenna
73,Alex Meneses
74,Alex Scott
75,Alex Vincent
76,Alex Wiesendanger
77,Alexander Goodwin
78,Alexandra Kyle
79,Alexandra Paul
80,Alexandra Wilson
81,Alexandre Rignault
82,Alexis Arquette
83,Alexis Kirschner
84,Alfre Woodard
85,Alfred Abel
86,Alfred Molina
87,Alice Brady
88,Alice Coulthard
89,Alice Garner
90,Alicia Silverstone
91,Alida Valli
92,Aline Kominsky-Crumb
93,Alisa Freyndlikh
94,Alison Crosbie
95,Alison Doody
96,Alison Elliott
97,Alle Ghadban
98,Allen Covert
99,Allen Cutler
100,Allen Payne
101,Allison Dean
102,Ally Walker
103,Alok Chakravarty
104,Alun Armstrong
105,Alyssa Milano
106,Amanda De Cadenet
107,Amanda Donohoe
108,Amanda Plummer
109,Amanda Root
110,Amanda Wyss
111,Amelia Zapata
112,Ami Almendral
113,Amie Carey
114,Amir AboulEla
115,Amir Farrokh Hashemian
116,Amrish Puri
117,Amy Braverman
118,Amy Brenneman
119,Amy Irving
120,Amy Madigan
121,Amy Monique Waddell
122,Amy Steel
123,Amy Yasbeck
124,Anais Evans
125,Anatoli Davydov
126,Anatoliy Solonitsyn
127,Andie MacDowell
128,Andre Braugher
129,Andrea Corr
130,Andrea Eckert
131,Andrea Martin
132,Andrew Kevin Walker
133,Andrew Knott
134,Andrew Lauer
135,Andrew Robertson
136,Andrew Seear
137,Andrey Khalimon
138,André Christian
139,André Dussollier
140,André Eisermann
141,Andy Comeau
142,Andy Dick
143,Andy Garcia
144,Andy Romano
145,Aneta Corsaut
146,Angel Aviles
147,Angel David
148,Angela Baddeley
149,Angela Bassett
150,Angela Lansbury
151,Angela Means
152,Angelina Jolie
153,Angie Dickinson
154,Angie Everhart
155,Angus Scrimm
156,Anita Dobson
157,Anita Louise
158,Anita Mui
159,Anita Page
160,Anita Pallenberg
161,Anjelica Huston
162,Anki Lidén
163,Ann Dowd
164,Ann Wedgeworth
165,Ann-Margret
166,Anna Borkowska
167,Anna Falchi
168,Anna Karina
169,Anna Paquin
170,Annabella Sciorra
171,Annabeth Gish
172,Anne Archer
173,Anne Bancroft
174,Anne Baxter
175,Anne Brochet
176,Anne Christianson
177,Anne Francis
178,Anne Gaybis
179,Anne Heche
180,Anne Knecht
181,Anne Meara
182,Anne Parillaud
183,Anne Reid
184,Anne Twomey
185,Anne Vernon
186,Anne-Marie Martin
187,Annette Bening
188,Annette Funicello
189,Annette O'Toole
190,Annie Corley
191,Annie Wu
192,Anouk Aimée
193,Anthony 'Treach' Criss
194,Anthony Barrile
195,Anthony Brophy
196,Anthony DeSando
197,Anthony Heald
198,Anthony Higgins
199,Anthony Hopkins
200,Anthony J. Robinow
201,Anthony LaPaglia
202,Anthony Lucero
203,Anthony Michael Hall
204,Anthony Perkins
205,Anthony Quayle
206,Anthony Quinn
207,Antoine Byrne
208,Antoine McLean
209,Anton Glanzelius
210,Antonia Corrigan
211,Antonin Zacpal
212,Antonio Banderas
213,Antonio Petrocelli
214,Antony Sher
215,António Assunção
216,Aoi Nakajima
217,Arabella Field
218,Ari Barak
219,Ariane Schluter
220,Arliss Howard
221,Armand Assante
222,Armin Mueller-Stahl
223,Arnold Fanck
224,Arnold Lucy
225,Arnold Schwarzenegger
226,Arnold Vosloo
227,Art Carney
228,Art Evans
229,Art Malik
230,Arthur Agee
231,Arthur Laurents
232,Arturo de Córdova
233,Ashley Crow
234,Ashley Judd
235,Ashley Olsen
236,Ashley Peldon
237,Asia Argento
238,Assita Ouedraogo
239,Athena Chu
240,Atsuko Tanaka
241,Audie England
242,Audrey Hepburn
243,August Schellenberg
244,Augusta Ciolli
245,Austin O'Brien
246,Avery Brooks
247,Azzedine Alaïa
248,BD Wong
249,Bahare Seddiqi
250,Bai Ling
251,Bam Bam Bigelow
252,Baotian Li
253,Barbara Bates
254,Barbara Bel Geddes
255,Barbara Carrera
256,Barbara Crampton
257,Barbara De Rossi
258,Barbara Harris
259,Barbara Hershey
260,Barbara O'Neil
261,Barbara Sukowa
262,Barbra Streisand
263,Barrie Ingham
264,Barry Corbin
265,Barry Del Sherman
266,Barry Fitzgerald
267,Barry Pepper
268,Basil Rathbone
269,Basil Wallace
270,Beatrice Straight
271,Beau Starr
272,Bebe Neuwirth
273,Bela Lugosi
274,Belinda Bauer
275,Belinda Jarrett
276,Ben Affleck
277,Ben Chaplin
278,Ben Cross
279,Ben Daniels
280,Ben Gazzara
281,Ben Kingsley
282,Ben Niu
283,Ben Shenkman
284,Ben Stiller
285,Bengt Ekerot
286,Benicio Del Toro
287,Benjamin Hendrickson
288,Benoît Magimel
289,Benoît Régent
290,Bentley Mitchum
291,Bernadette Peters
292,Bernhard Wicki
293,Bernice DeLeo
294,Bert Lahr
295,Bess Armstrong
296,Bessie Love
297,Bethany Joy Lenz
298,Betsy Blair
299,Betsy Brantley
300,Betsy Palmer
301,Bette Davis
302,Bette Midler
303,Betty Buckley
304,Betty Lou Gerson
305,Betty Schuurman
306,Beulah Bondi
307,Beverly D'Angelo
308,Bill Baucom
309,Bill Cobbs
310,Bill Cosby
311,Bill Farmer
312,Bill Hunter
313,Bill McKinney
314,Bill Murray
315,Bill Nunn
316,Bill Paterson
317,Bill Paxton
318,Bill Pullman
319,Bill Shirley
320,Bill Thompson
321,Bill Tung
322,Billie Whitelaw
323,Billy Bletcher
324,Billy Bob Thornton
325,Billy Burke
326,Billy Campbell
327,Billy Connolly
328,Billy Crudup
329,Billy Crystal
330,Billy Dee Williams
331,Billy Joel
332,Billy Talbot
333,Billy West
334,Billy Zane
335,Bing Crosby
336,Blair Underwood
337,Blake Boyd
338,Blake Heron
339,Bo Derek
340,Bob Geldof
341,Bob Gunton
342,Bob Hoskins
343,Bob Newhart
344,Bobby Brown
345,Bobby Driscoll
346,Bobby Moat
347,Bobette Audrey
348,Bokeem Woodbine
349,Bonnie Bartlett
350,Bonnie Bedelia
351,Bonnie Hunt
352,Boris Delcevski
353,Boris Karloff
354,Bozhao Wang
355,Brad Dourif
356,Brad Hunt
357,Brad Pitt
358,Brad Renfro
359,Brad Sullivan
360,Bradley Pierce
361,Bradley Whitford
362,Brandon Lee
363,Brawley Nolte
364,Bre Blair
365,Breckin Meyer
366,Brenda Blethyn
367,Brenda Fricker
368,Brendan Fraser
369,Brendan Gleeson
370,Brendan Kelly
371,Brendan Sexton III
372,Brent Hinkley
373,Brent Spiner
374,Brett Harrelson
375,Brian Benben
376,Brian Blessed
377,Brian Bonsall
378,Brian Cox
379,Brian Dennehy
380,Brian Dooley
381,Brian Doyle-Murray
382,Brian Flanagan
383,Brian Kerwin
384,Brian O'Halloran
385,Brian O'Shaughnessy
386,Brian Webber
387,Bridget Fonda
388,Bridgette Wilson-Sampras
389,Brigitte Bardot
390,Brigitte Lin
391,Brittany Boyd
392,Brittany Murphy
393,Brock Pierce
394,Broderick Crawford
395,Bronson Dudley
396,Brooke Adams
397,Brooke Bundy
398,Brooke Xtravaganza
399,Bruce A. Young
400,Bruce Bennett
401,Bruce Boxleitner
402,Bruce Campbell
403,Bruce Davison
404,Bruce Dern
405,Bruce Dinsmore
406,Bruce Greenwood
407,Bruce La Bruce
408,Bruce McCulloch
409,Bruce McGill
410,Bruce Ramsay
411,Bruce Reitherman
412,Bruce Willis
413,Bruno Ganz
414,Bruno Kirby
415,Bryan White
416,Buck Clayton
417,Bud Cort
418,Buddy Ebsen
419,Bug Hall
420,Burgess Meredith
421,Burl Ives
422,Burt Lancaster
423,Burt Reynolds
424,Burt Young
425,Buzz Kilman
426,Byron Mann
427,Börje Ahlstedt
428,C. Aubrey Smith
429,C. Thomas Howell
430,Caerthan Banks
431,Cal Bartlett
432,Cameron Bancroft
433,Cameron Diaz
434,Cameron Finley
435,Campbell Scott
436,Candace Hutson
437,Candice Bergen
438,Candy Clark
439,Cantinflas
440,Carl Reiner
441,Carl Weathers
442,Carla Gugino
443,Carlin Glynn
444,Carlo Alban
445,Carlo Cecchi
446,Carlos Gómez
447,Carlos Jacott
448,Carlos López
449,Carme Elias
450,Carmelo Di Mazzarelli
451,Carol Channing
452,Carol Kane
453,Carol Lynley
454,Carole Finn
455,Carole Lombard
456,Caroleen Feeney
457,Caroline Cellier
458,Caroline Goodall
459,Caroline Semple
460,Carolyn Farina
461,Carrie Akre
462,Carrie Fisher
463,Carrie Henn
464,Carrie Snodgress
465,Carroll Baker
466,Cary Elwes
467,Cary Grant
468,Cary-Hiroyuki Tagawa
469,Casey Affleck
470,Casey Siemaszko
471,Casey Stevens
472,Casper Van Dien
473,Cate Blanchett
474,Catharine Bolz
475,Catherine Deneuve
476,Catherine Hicks
477,Catherine Keener
478,Catherine Kellner
479,Catherine O'Hara
480,Catherine Zeta-Jones
481,Cathy Moriarty
482,Cathy Tyson
483,Catlin Adams
484,Celeste Holm
485,Celia Imrie
486,Cesar Romero
487,Chad McQueen
488,Chad Morgan
489,Chaim Jeraffi
490,Chaplin Chang
491,Charis Michelsen
492,Charles Berling
493,Charles Boyer
494,Charles Bronson
495,Charles Chaplin
496,Charles Cioffi
497,Charles Crumb
498,Charles Cyphers
499,Charles Dance
500,Charles Durning
501,Charles Fleischer
502,Charles Gitonga Maina
503,Charles King
504,Charles Laughton
505,Charles Martin Smith
506,Charles Rocket
507,Charles Ruggles
508,Charles S. Dutton
509,Charlie Korsmo
510,Charlie Sheen
511,Charlie Yeung
512,Charlize Theron
513,Charlotte Chatton
514,Charlotte Curley
515,Charlotte Gainsbourg
516,Charlotte Rampling
517,Charlotte Véry
518,Charlton Heston
519,Chauncey Leopardi
520,Chazz Dominguez
521,Chazz Palminteri
522,Cheech Marin
523,Chelsea Field
524,Cheryl Pollak
525,Chevy Chase
526,Chi McBride
527,Chiara Mastroianni
528,Chick Ortega
529,Chico Marx
530,Chien-Lien Wu
531,Chip Carter
532,Chloë Sevigny
533,Chow Yun-Fat
534,Chris Cooper
535,Chris Eigeman
536,Chris Elliott
537,Chris Farley
538,Chris Graham
539,Chris Haywood
540,Chris Isaak
541,Chris O'Donnell
542,Chris Penn
543,Chris Sarandon
544,Chris Spencer
545,Chris Tucker
546,Christian Bale
547,Christian Clavier
548,Christian Durango
549,Christian Päffgen
550,Christian Slater
551,Christina Applegate
552,Christina Brucato
553,Christina Pickles
554,Christina Ricci
555,Christina Vidal
556,Christine Cavanaugh
557,Christine Dunford
558,Christine Ebersole
559,Christine Elise
560,Christine Hargreaves
561,Christine Lahti
562,Christine Taylor
563,Christoph Colomb
564,Christopher Adamson
565,Christopher Bowen
566,Christopher Daniel Barnes
567,Christopher Eccleston
568,Christopher Guard
569,Christopher Lambert
570,Christopher Lee
571,Christopher Lloyd
572,Christopher Martin
573,Christopher McDonald
574,Christopher Plummer
575,Christopher Reeve
576,Christopher Reid
577,Christopher Stone
578,Christopher Walken
579,Christy Turlington
580,Chrystale Wilson
581,Chuck Bush
582,Chuck Connors
583,Chuck Pfarrer
584,Chunibala Devi
585,Ché J. Avery
586,Ciarán Hinds
587,Cindy Crawford
588,Cindy Morgan
589,Cindy Pickett
590,Claire Danes
591,Claire Forlani
592,Claire Nadeau
593,Claire Rushbrook
594,Clancy Brown
595,Clarence Williams III
596,Clark Gable
597,Claude Rains
598,Claudette Colbert
599,Claudette Sutherland
600,Claudia Cardinale
601,Claudia Ferri
602,Claudia Stedelin
603,Claudio Amendola
604,Claudio Bigagli
605,Claudio Bisio
606,Claudiu Bleont
607,Cliff De Young
608,Clifton Collins Jr.
609,Clifton Webb
610,Clint Eastwood
611,Clive Owen
612,Cloris Leachman
613,Clu Gulager
614,Cody Burger
615,Colin Clive
616,Colin Friels
617,Colm Feore
618,Colm Meaney
619,Conan Lee
620,Conchata Ferrell
621,Connie Britton
622,Conrad Brooks
623,Constance Cowley
624,Constance Marie
625,Constance Towers
626,Corbin Bernsen
627,Corey Burton
628,Corey Feldman
629,Corin Redgrave
630,Corine Blue
631,Corinne Bohrer
632,Costas Mandylor
633,Courteney Cox
634,Courtney B. Vance
635,Courtney Chase
636,Courtney Love
637,Courtney Thorne-Smith
638,Craig Bierko
639,Craig Chester
640,Craig Fairbrass
641,Craig Reay
642,Craig Sheffer
643,Craig Smith
644,Craig T. Nelson
645,Craig Wasson
646,Cress Williams
647,Crispin Glover
648,Crissy Rock
649,Cristi Conaway
650,Cuba Gooding Jr.
651,Cuifen Cao
652,Curt Bois
653,Curtis Gates
654,Cy Coleman
655,Cyd Charisse
656,Cylk Cozart
657,Cyndi Lauper
658,Cynthia Stevenson
659,Cyril Collard
660,Cyril Cusack
661,D.B. Sweeney
662,D.W. Moffett
663,Daisuke Ryû
664,Damian Chapa
665,Damian Young
666,Damon Martin
667,Damon Wayans
668,Dan Aykroyd
669,Dan Burns
670,Dan Frazer
671,Dan Gunther
672,Dan Hedaya
673,Dan Hicks
674,Dan Monahan
675,Dan O'Herlihy
676,Dana Andrews
677,Dana Carvey
678,Dana Delany
679,Dana Wheeler-Nicholson
680,Daniel Auteuil
681,Daniel Benzali
682,Daniel Bernhardt
683,Daniel Day-Lewis
684,Daniel Hugh Kelly
685,Daniel Pollock
686,Daniel Pommereulle
687,Daniel Richter
688,Daniel Shalikar
689,Daniel Stern
690,Daniel Zacapa
691,Daniel von Bargen
692,Danielle Harris
693,Danielle von Zerneck
694,Danny Aiello
695,Danny DeVito
696,Danny Elfman
697,Danny Glover
698,Danny Hassel
699,Danny Kaye
700,Danny Keogh
701,Danny Lee
702,Danny Lloyd
703,Danny Mann
704,Danny Pintauro
705,Dara Tomanovich
706,Darien Takle
707,Darlanne Fluegel
708,Darren McGavin
709,Darwyn Carson
710,Daryl Hannah
711,Dave Chappelle
712,Dave Duffy
713,Dave Foley
714,Dave Goelz
715,Dave Hoover
716,David Alan Grier
717,David Andrews
718,David Andriole
719,David Bailey
720,David Blair
721,David Booth
722,David Bowie
723,David Caruso
724,David Cross
725,David Drew Gallagher
726,David Duchovny
727,David Edwards
728,David Fox
729,David Goldman
730,David Gulpilil
731,David Huffman
732,David Kagen
733,David McKnight
734,David Milford
735,David Morse
736,David Moscow
737,David Naughton
738,David Niven
739,David O'Hara
740,David Ogden Stiers
741,David Patrick Kelly
742,David Paymer
743,David Proval
744,David Schofield
745,David Schwimmer
746,David Selby
747,David Spade
748,David Stein
749,David Strathairn
750,David Suchet
751,David Thewlis
752,David Thornton
753,David Warner
754,David Wilmot
755,Dawn McMillan
756,Dawna Wightman
757,De'aundre Bonds
758,DeForest Kelley
759,Dean Cain
760,Dean Jones
761,Dean Norris
762,Dean Stockwell
763,Deb Snyder
764,Debbie Harry
765,Debbie Reynolds
766,Debi Mazar
767,Deborah Foreman
768,Deborah Hobart
769,Deborah Kara Unger
770,Deborah Kennedy
771,Deborah Kerr
772,Deborah Theaker
773,Deborra-Lee Furness
774,Debra Jo Rupp
775,Debra Messing
776,Debra Winger
777,Declan Hannigan
778,Dee Smart
779,Dee Wallace
780,Deems Taylor
781,Dejan Velkov
782,Delphine French
783,Delphine Schiltz
784,Delroy Lindo
785,Demetrice Cheathon
786,Demi Moore
787,Demian Slade
788,Denholm Elliott
789,Denis Lawson
790,Denis Leary
791,Denise Crosby
792,Denise Dowse
793,Denise Richards
794,Dennis Farina
795,Dennis Franz
796,Dennis Haysbert
797,Dennis Hopper
798,Dennis Miller
799,Dennis Quaid
800,Dennis Rodman
801,Denzel Washington
802,Derek Jacobi
803,Derek Keurvorst
804,Derek de Lint
805,Dermot Mulroney
806,Desiree Casado
807,Devine
808,Devon Anderson
809,Devon Gummersall
810,Devon Sawa
811,Diahnne Abbott
812,Dian Bachar
813,Diana Davis
814,Diana Kent
815,Diana Peñalver
816,Diana Rice
817,Diane Baker
818,Diane Keaton
819,Diane Ladd
820,Diane Lane
821,Diane Venora
822,Dianne Wiest
823,Dick Anthony Williams
824,Dick Clay
825,Diedrich Bader
826,Diego Abatantuono
827,Diego Sieres
828,Dina Merrill
829,Dina Meyer
830,Dirk Benedict
831,Dirk Bogarde
832,Diva Gray
833,Dizzy Gillespie
834,Djimon Hounsou
835,Docs Keepin Time
836,Dolores Costello
837,Dolores Fuller
838,Dom DeLuise
839,Dominick Brascia
840,Dominique Blanc
841,Dominique Dunne
842,Dominique Horwitz
843,Dominique Pinon
844,Dominique Swain
845,Dominique Valadié
846,Don Alder
847,Don Baker
848,Don Brodie
849,Don Cheadle
850,Don Francks
851,Don Harvey
852,Don Johnson
853,Don King
854,Don Knotts
855,Don McKellar
856,Don Rickles
857,Don Steele
858,Don Stroud
859,Don Taylor
860,Donald Fong
861,Donald Gibb
862,Donald O'Connor
863,Donald Pleasence
864,Donald Sutherland
865,Donna DeLory
866,Donna Reed
867,Dora van der Groen
868,Dorian Corey
869,Dorje Sherpa
870,Dororthy Thorton
871,Dorothy Comingore
872,Dorothy McGuire
873,Dorothy Tutin
874,Doug Bradley
875,Doug E. Doug
876,Doug Stone
877,Douglas Spain
878,Drew Barrymore
879,Duane Martin
880,Duke Moore
881,Dustin Hoffman
882,Dustin Mayfield
883,Dwight Yoakam
884,Dyan Cannon
885,Dylan McDermott
886,Dylan Walsh
887,E.G. Marshall
888,Eamonn Owens
889,Earl Rowe
890,Ed Begley Jr.
891,Ed Bernard
892,Ed Flanders
893,Ed Harris
894,Ed O'Neill
895,Ed Viesturs
896,Ed Wynn
897,Eddie Albert
898,Eddie Collins
899,Eddie Constantine
900,Eddie Griffin
901,Eddie Mills
902,Eddie Murphy
903,Edgar Buchanan
904,Edie Falco
905,Edith Atwater
906,Edith Boulogne
907,Edmond O'Brien
908,Edna Best
909,Edward Arnold
910,Edward Asner
911,Edward Burns
912,Edward Clements
913,Edward Everett Horton
914,Edward Furlong
915,Edward Herrmann
916,Edward James Olmos
917,Edward Jewesbury
918,Edward Norton
919,Efrain Figueroa
920,Eiko Matsuda
921,Eileen Atkins
922,Eileen Heckart
923,Elaine Bly
924,Elaine Hendrix
925,Eleanor Audley
926,Eleanor Bron
927,Eleanor David
928,Eli Wallach
929,Elias Koteas
930,Elie Chaib
931,Elijah Wood
932,Elina Löwensohn
933,Elis Imboden
934,Elisabeth Shue
935,Elisabeth Trissenaar
936,Elise Neal
937,Elizabeth Berkley
938,Elizabeth Berridge
939,Elizabeth Hurley
940,Elizabeth McGovern
941,Elizabeth Moody
942,Elizabeth Newett
943,Elizabeth Perkins
944,Elizabeth Peña
945,Elizabeth Taylor
946,Elle Macpherson
947,Ellen Barkin
948,Ellen Burstyn
949,Ellen DeGeneres
950,Ellen Widmann
951,Ellie Cornell
952,Elliott Gould
953,Els Dottermans
954,Elsa Lanchester
955,Elsa Zylberstein
956,Ely Pouget
957,Embeth Davidtz
958,Emil Chau
959,Emiliano Guerra
960,Emilio Estevez
961,Emily Watson
962,Emira Nusevic
963,Emma Bunton
964,Emma Gates
965,Emma Thompson
966,Emmanuel Xuereb
967,Emmanuelle Béart
968,Emmanuelle Laborit
969,Emmanuelle Seigner
970,Enrico Lo Verso
971,Enzo Turrin
972,Eri Watanabe
973,Eric Bogosian
974,Eric Lloyd
975,Eric Pascal Chaltiel
976,Eric Roberts
977,Eric Schaeffer
978,Eric Schweig
979,Eric Stoltz
980,Eric Thal
981,Eric da Silva
982,Erica Yohn
983,Erich Anderson
984,Erich von Stroheim
985,Erik Rhodes
986,Erik von Detten
987,Erika Eleniak
988,Ernest Borgnine
989,Ernest Thesiger
990,Ernie Hudson
991,Errol Flynn
992,Esmond Knight
993,Estelle Eonnet
994,Estelle Taylor
995,Esther Minciotti
996,Esther Scott
997,Ethan Embry
998,Ethan Hawke
999,Ethan Suplee
1000,Eugene Collier
1001,Eugene Levy
1002,Eva Gabor
1003,Eva Marie Saint
1004,Evan Adams
1005,Evan Richards
1006,Evelyn Keyes
1007,Everett McGill
1008,Ewan McGregor
1009,Ewen Bremner
1010,F. Murray Abraham
1011,Fabrice Luchini
1012,Fairuza Balk
1013,Famke Janssen
1014,Fanny Ardant
1015,Farrah Fawcett
1016,Fay Masterson
1017,Fay Ripley
1018,Faye Dunaway
1019,Faye Wong
1020,Fedja van Huêt
1021,Felix Bressart
1022,Fengyi Zhang
1023,Fereshteh Sadre Orafaiy
1024,Fernanda Torres
1025,Fernando Rey
1026,Finlay Currie
1027,Fiona Loewi
1028,Fionnula Flanagan
1029,Fisher Stevens
1030,Florence Pernel
1031,Florence Thomassin
1032,Forest Whitaker
1033,Fran Drescher
1034,France Nuyen
1035,Frances Bay
1036,Frances Dee
1037,Frances Fisher
1038,Frances McDormand
1039,Frances O'Connor
1040,Francesca Annis
1041,Francesca Neri
1042,Franchot Tone
1043,Francie Swift
1044,Francis Capra
1045,Francisco Gattorno
1046,Frank 'Pancho' Sampedro
1047,Frank Adu
1048,Frank Baker
1049,Frank Langella
1050,Frank McHugh
1051,Frank Morgan
1052,Frank Overton
1053,Frank Oz
1054,Frank Sinatra
1055,Frank Vincent
1056,Frank Whaley
1057,François Cluzet
1058,François Hadji-Lazaro
1059,Françoise Yip
1060,Fred Astaire
1061,Fred MacMurray
1062,Fred Norris
1063,Fred Ross
1064,Fred Ward
1065,Freda Foh Shen
1066,Freddie Bartholomew
1067,Freddie Jones
1068,Freddie Prinze Jr.
1069,Freddy Rodríguez
1070,Frederic Forrest
1071,Frederique Van Der Wal
1072,Fredric March
1073,Fredro Starr
1074,French Stewart
1075,Fritz Rasp
1076,Frédéric Andréi
1077,Frédéric Gorny
1078,Frédérique Feder
1079,Fulton Mackay
1080,Gabriel Byrne
1081,Gabriel Casseus
1082,Gabriel Jarret
1083,Gabriel Mann
1084,Gabriel Olds
1085,Gabriele Ferzetti
1086,Gabrielle Anwar
1087,Gaby Hoffmann
1088,Gail Cronauer
1089,Gail O'Grady
1090,Gail Patrick
1091,Gale Sondergaard
1092,Garance Clavel
1093,Gareth Williams
1094,Garry Shandling
1095,Gary Bakewell
1096,Gary Busey
1097,Gary Cole
1098,Gary Cooper
1099,Gary Farmer
1100,Gary Hershberger
1101,Gary Lockwood
1102,Gary Oldman
1103,Gary Sinise
1104,Gaël Morel
1105,Geena Davis
1106,Gena Rowlands
1107,Gene Hackman
1108,Gene Kelly
1109,Gene Lockhart
1110,Gene Ross
1111,Gene Tierney
1112,Gene Wilder
1113,Geneviève Bujold
1114,Geneviève Page
1115,Geoffrey Blake
1116,Geoffrey Palmer
1117,Geoffrey Rush
1118,Georg H. Schnell
1119,George Burns
1120,George C. Scott
1121,George Clooney
1122,George Cole
1123,George Constantin
1124,George De La Pena
1125,George Devine
1126,George Dzundza
1127,George Foreman
1128,George Gaynes
1129,George Hamilton
1130,George Kennedy
1131,George Martin
1132,George Mendonça
1133,George P. Wilbur
1134,George Peppard
1135,George Raft
1136,George Sanders
1137,George Segal
1138,George Shevtsov
1139,George Stephanopoulos
1140,George Wendt
1141,Georges Corraface
1142,Georges Du Fresne
1143,Georges Guétary
1144,Georgina Cates
1145,Gerald R. Molen
1146,Gerald Walling
1147,Geraldine Chaplin
1148,Geraldine O'Rawe
1149,Geraldine Page
1150,Geri Horner
1151,Gerrit Graham
1152,Gheorghe Muresan
1153,Giancarlo Esposito
1154,Giancarlo Giannini
1155,Gigio Morra
1156,Gil Bellows
1157,Gilbert Gottfried
1158,Gillian Anderson
1159,Gina Gershon
1160,Ginger Rogers
1161,Gino Ardito
1162,Giorgia Moll
1163,Giorgio Armani
1164,Giovanna Bozzolo
1165,Gisken Armand
1166,Giuseppe Cederna
1167,Gladys George
1168,Glen Berry
1169,Glenn Close
1170,Glenn Plummer
1171,Glenne Headly
1172,Gloria Charles
1173,Gloria DeHaven
1174,Gloria Holden
1175,Gloria Swanson
1176,Glynn Turman
1177,Godfrey Tearle
1178,Goldie Hawn
1179,Gong Li
1180,Gordon MacDonald
1181,Gore Vidal
1182,Grace Kelly
1183,Graham Greene
1184,Grant Bardsley
1185,Greer Garson
1186,Greg Collins
1187,Greg Cruttwell
1188,Greg Funk
1189,Greg Kinnear
1190,Gregory Hines
1191,Gregory Peck
1192,Gregory Smith
1193,Gregory Walcott
1194,Greta Garbo
1195,Greta Lind
1196,Greta Scacchi
1197,Greta Schröder
1198,Gretchen Mol
1199,Griffin Dunne
1200,Groucho Marx
1201,Grégoire Colin
1202,Guillermo Díaz
1203,Guinevere Turner
1204,Gunnar Björnstrand
1205,Gustav Fröhlich
1206,Gustav von Wangenheim
1207,Guy Kibbee
1208,Guy Pearce
1209,Gwen McGee
1210,Gwyneth Paltrow
1211,Gyurme Tethong
1212,Géraldine Pailhas
1213,Gérard Depardieu
1214,Gísli Halldórsson
1215,Haing S. Ngor
1216,Haji
1217,Hal Holbrook
1218,Hal Scardino
1219,Haley Joel Osment
1220,Halina Gryglaszewska
1221,Halle Berry
1222,Hamilton Camp
1223,Hank Azaria
1224,Hanno Pöschl
1225,Hans Conried
1226,Hardie Albright
1227,Harland Williams
1228,Harley Cross
1229,Harold Perrineau
1230,Harold Ramis
1231,Harpo Marx
1232,Harriet Walter
1233,Harrison Ford
1234,Harry Belafonte
1235,Harry Connick Jr.
1236,Harry Dean Stanton
1237,Harry Morgan
1238,Harry Secombe
1239,Hartley Power
1240,Harve Presnell
1241,Harvey Fierstein
1242,Harvey Keitel
1243,Hatty Jones
1244,Haya Harareet
1245,Haydée Politoff
1246,Hayley Mills
1247,Heather Beckel
1248,Heather Graham
1249,Heather Hogan
1250,Heather Langenkamp
1251,Heather Locklear
1252,Heather Matarazzo
1253,Heather O'Rourke
1254,Hector Elizondo
1255,Hedy Burress
1256,Heidi Kling
1257,Helen Hayes
1258,Helen Hughes
1259,Helen Hunt
1260,Helen Mirren
1261,Helen Morse
1262,Helen Shaver
1263,Helen Slater
1264,Helena Bonham Carter
1265,Henri Garcin
1266,Henry Czerny
1267,Henry Daniell
1268,Henry Fonda
1269,Herbert Grönemeyer
1270,Herbert Lom
1271,Herbert Marshall
1272,Herbert Mundin
1273,Herbert Russell
1274,Hermione Gingold
1275,Hetta Charnley
1276,Heydon Prowse
1277,Hideko Yoshida
1278,Hilary Swank
1279,Holly Hunter
1280,Homayoun Ershadi
1281,Hope Davis
1282,Howard Da Silva
1283,Howard McGillin
1284,Howard Stern
1285,Howie Seago
1286,Hoyt Axton
1287,Hubert Koundé
1288,Hubertus Bengsch
1289,Hugh Grant
1290,Hugh Marlowe
1291,Hugh O'Conor
1292,Hugo Weaving
1293,Hulk Hogan
1294,Humphrey Bogart
1295,Hélène Vincent
1296,Ian Abercrombie
1297,Ian Charleson
1298,Ian Hart
1299,Ian Holm
1300,Ian Hunter
1301,Ian McKellen
1302,Ian McNeice
1303,Ian Nelson
1304,Ian Richardson
1305,Ian Watkin
1306,Ice Cube
1307,Ice-T
1308,Icíar Bollaín
1309,Iggy Pop
1310,Ike Eisenmann
1311,Ildikó Bánsági
1312,Illeana Douglas
1313,Imelda Staunton
1314,Imogen Stubbs
1315,Ina Claire
1316,Indira Varma
1317,Inge Landgut
1318,Ingeborga Dapkunaite
1319,Ingrid Bergman
1320,Ione Skye
1321,Irene Bedard
1322,Irene Dunne
1323,Irma P. Hall
1324,Irving Metzman
1325,Irène Jacob
1326,Isa Danieli
1327,Isabella Rossellini
1328,Isabelle Adjani
1329,Isabelle Huppert
1330,Isaiah Washington
1331,Ivar Johnson
1332,Ivette Reina
1333,Izabella Scorupco
1334,J. Pat O'Malley
1335,J. Trevor Edmond
1336,J.D. Cannon
1337,J.H. Wyman
1338,J.T. Walsh
1339,Jack Benny
1340,Jack Black
1341,Jack Carson
1342,Jack Elam
1343,Jack Hawkins
1344,Jack Lemmon
1345,Jack Magner
1346,Jack Nicholson
1347,Jack Oakie
1348,Jack Palance
1349,Jack Thompson
1350,Jack Warden
1351,Jackie Chan
1352,Jackie Guerra
1353,Jackson Lou
1354,Jacob Vargas
1355,Jacqueline Bisset
1356,Jacqueline McKenzie
1357,Jacqueline Obradors
1358,Jacquelyn Hyde
1359,Jacques Marin
1360,Jacques Perrin
1361,Jacques Weber
1362,Jada Pinkett Smith
1363,Jaime Gomez
1364,Jake Busey
1365,Jake McKinnon
1366,James Acheson
1367,James Andrews
1368,James Baskett
1369,James Brolin
1370,James Brown
1371,James Caan
1372,James Carpenter
1373,James Carville
1374,James Coburn
1375,James Cosmo
1376,James Cromwell
1377,James Dean
1378,James Donadio
1379,James Donald
1380,James Doohan
1381,James Duval
1382,James Earl Jones
1383,James Fleet
1384,James Frain
1385,James Gammon
1386,James Gandolfini
1387,James Garner
1388,James Hampton
1389,James Hong
1390,James Larkin
1391,James Laurenson
1392,James Le Gros
1393,James Madio
1394,James Marsden
1395,James Mason
1396,James Olson
1397,James Rebhorn
1398,James Remar
1399,James Robinson
1400,James Russo
1401,James Spader
1402,James Stewart
1403,James Urbaniak
1404,James Van Der Beek
1405,James Whitmore
1406,James Woods
1407,Jami Gertz
1408,Jamie Foxx
1409,Jamie Lee Curtis
1410,Jamie Renée Smith
1411,Jan Decleir
1412,Jan Kraus
1413,Jan Rubes
1414,Jane Alexander
1415,Jane Fonda
1416,Jane Greer
1417,Jane Leeves
1418,Jane March
1419,Jane Seymour
1420,Jane Wheeler
1421,Jane Wyatt
1422,Jane Wyman
1423,Janeane Garofalo
1424,Janel Moloney
1425,Janet Gunn
1426,Janet Leigh
1427,Janet Margolin
1428,Janet Munro
1429,Janine Turner
1430,Janny Brandes-Brilslijper
1431,Janusz Gajos
1432,Jared Harris
1433,Jared Leto
1434,Jasmine Guy
1435,Jason Alexander
1436,Jason Beghe
1437,Jason David Frank
1438,Jason Flemyng
1439,Jason James Richter
1440,Jason Lee
1441,Jason London
1442,Jason Marsden
1443,Jason Miller
1444,Jason Patric
1445,Jason Priestley
1446,Jason Robards
1447,Jason Salkey
1448,Jason Scott Lee
1449,Javier Bardem
1450,Jay Baker
1451,Jay Brazeau
1452,Jay Mohr
1453,Jay O. Sanders
1454,Jay Thomas
1455,Jayce Bartok
1456,Jaye Davidson
1457,Jayne Atkinson
1458,Jean Arthur
1459,Jean Carmet
1460,Jean Hagen
1461,Jean Marsh
1462,Jean Reno
1463,Jean Rochefort
1464,Jean Sorel
1465,Jean-Claude Dreyfus
1466,Jean-Claude Van Damme
1467,Jean-Hugues Anglade
1468,Jean-Louis Trintignant
1469,Jean-Marc Barr
1470,Jean-Michel Balthazar
1471,Jean-Paul Belmondo
1472,Jean-Philippe Écoffey
1473,Jean-Pierre Cassel
1474,Jean-Pierre Lorit
1475,Jeanne Moreau
1476,Jeanne Tripplehorn
1477,Jeannine Taylor
1478,Jeep Swenson
1479,Jeff Ament
1480,Jeff Anderson
1481,Jeff Bennett
1482,Jeff Bridges
1483,Jeff Cohen
1484,Jeff Conaway
1485,Jeff Daniels
1486,Jeff Davis
1487,Jeff Fahey
1488,Jeff Goldblum
1489,Jefferson Mays
1490,Jeffrey Combs
1491,Jeffrey DeMunn
1492,Jeffrey Force
1493,Jeffrey Jones
1494,Jeffrey Kramer
1495,Jeffrey Nordling
1496,Jeffrey Wright
1497,Jena Malone
1498,Jeni Courtney
1499,Jenifer Lewis
1500,Jenna Elfman
1501,Jennifer Aniston
1502,Jennifer Banko
1503,Jennifer Beals
1504,Jennifer Connelly
1505,Jennifer Cooke
1506,Jennifer Jason Leigh
1507,Jennifer Lopez
1508,Jennifer Love Hewitt
1509,Jennifer Rubin
1510,Jennifer Saunders
1511,Jennifer Tilly
1512,Jenny Agutter
1513,Jenny Lewis
1514,Jenny Shimizu
1515,Jenny Wright
1516,Jens Jørgen Fleischer
1517,Jeremy Clyde
1518,Jeremy Davies
1519,Jeremy Foley
1520,Jeremy Irons
1521,Jeremy Kemp
1522,Jeremy London
1523,Jeremy Northam
1524,Jeremy Sisto
1525,Jeremy Sylvers
1526,Jeroen Krabbé
1527,Jerry Adler
1528,Jerry Brown
1529,Jerry Mayer
1530,Jerry O'Connell
1531,Jerry Swindall
1532,Jerzy Stuhr
1533,Jessalyn Gilsig
1534,Jesse Bradford
1535,Jesse Corti
1536,Jessica Dollarhide
1537,Jessica Harper
1538,Jessica Kirschner
1539,Jessica Lange
1540,Jessica Lundy
1541,Jessica Steen
1542,Jessica Tandy
1543,Jessie Royce Landis
1544,Jill Sobule
1545,Jim Belushi
1546,Jim Breuer
1547,Jim Broadbent
1548,Jim Carrey
1549,Jim Cummings
1550,Jim Dale
1551,Jim Mallon
1552,Jim Metzler
1553,Jim Robinson
1554,Jim True-Frost
1555,Jim Varney
1556,Jimmi Harkishin
1557,Jimmy Nail
1558,Jimmy O'Dea
1559,Jimmy Somerville
1560,Jimmy Yuill
1561,Jingwu Ma
1562,Jinpachi Nezu
1563,Jo Marr
1564,JoBeth Williams
1565,Joan Allen
1566,Joan Bennett
1567,Joan Chen
1568,Joan Collins
1569,Joan Crawford
1570,Joan Cusack
1571,Joan Fontaine
1572,Joan Plowright
1573,Joanna Going
1574,Joanna Lumley
1575,Joanna Pacula
1576,Joanne Dru
1577,Joanne Whalley
1578,Joaquim de Almeida
1579,Joaquin Phoenix
1580,Jochen Nickel
1581,Jodi Benson
1582,Jodi Long
1583,Jodie Foster
1584,Joe Baker
1585,Joe Belcher
1586,Joe Dallesandro
1587,Joe Flynn
1588,Joe Mantegna
1589,Joe Morton
1590,Joe Pantoliano
1591,Joe Pesci
1592,Joe Torry
1593,Joel McCrea
1594,Joely Richardson
1595,Joey Cramer
1596,Joey Lauren Adams
1597,Joey Lawrence
1598,Joey Travolta
1599,Johanna ter Steege
1600,John Alansu
1601,John Ashton
1602,John Astin
1603,John Barrymore
1604,John Beasley
1605,John Beck
1606,John Beckman
1607,John Belushi
1608,John Bott
1609,John C. McGinley
1610,John C. Reilly
1611,John Candy
1612,John Cazale
1613,John Cleese
1614,John Cusack
1615,John Derek
1616,John Doe
1617,John Drainie
1618,John Fiedler
1619,John Franklin
1620,John Furey
1621,John G. Brennan
1622,John Garfield
1623,John Gavin
1624,John Glover
1625,John Goodman
1626,John Hannah
1627,John Haycraft
1628,John Heard
1629,John Howard
1630,John Hurt
1631,John Huston
1632,John Ireland
1633,John Kani
1634,John Kapelos
1635,John Kassir
1636,John Larroquette
1637,John Laurie
1638,John Leguizamo
1639,John Lithgow
1640,John Lone
1641,John Louie
1642,John Lurie
1643,John Lynch
1644,John MacKay
1645,John Mahoney
1646,John Malkovich
1647,John McConnell
1648,John McGiver
1649,John Megna
1650,John Meillon
1651,John Mighton
1652,John Mills
1653,John Neville
1654,John Otrin
1655,John P. Ryan
1656,John Phillip Law
1657,John Plumpis
1658,John Polson
1659,John Ridgely
1660,John Ritter
1661,John Roselius
1662,John Salemmo
1663,John Savage
1664,John Saxon
1665,John Spencer
1666,John Terry
1667,John Travolta
1668,John Turturro
1669,John Vernon
1670,John Wayne
1671,John Williams
1672,John Wray
1673,Johnathon Schaech
1674,Johnny Carson
1675,Johnny Depp
1676,Johnny Morina
1677,Johnny Yong Bosch
1678,Jon Bradford
1679,Jon Favreau
1680,Jon Lovitz
1681,Jon Polito
1682,Jon Seda
1683,Jon Simanton
1684,Jon Tenney
1685,Jon Voight
1686,Jonathan Banks
1687,Jonathan Baumbach
1688,Jonathan Frakes
1689,Jonathan Freeman
1690,Jonathan Fuller
1691,Jonathan Hadary
1692,Jonathan Hyde
1693,Jonathan Penner
1694,Jonathan Pryce
1695,Jonathan Rhys Meyers
1696,Jonathan Silverman
1697,Jonathan Taylor Thomas
1698,Jonny Lee Miller
1699,Jorge Perugorría
1700,Josef Sommer
1701,Joseph Blaire
1702,Joseph Bologna
1703,Joseph Bottoms
1704,Joseph Calleia
1705,Joseph Chan
1706,Joseph Cotten
1707,Joseph Cross
1708,Joseph Fiennes
1709,Joseph Gordon-Levitt
1710,Joseph Latimore
1711,Joseph Mascolo
1712,Joseph Mazzello
1713,Joseph Melito
1714,Joseph Schildkraut
1715,Joseph Wayne Miller
1716,Josh Brolin
1717,Josh Charles
1718,Josh Hamilton
1719,Josh Keaton
1720,Josiane Balasko
1721,Josie Lawrence
1722,Josif Josifovski
1723,Joss Ackland
1724,José Ferrer
1725,José María de Tavira
1726,José Zúñiga
1727,Joy Tanner
1728,Joyce Redman
1729,Juan Echanove
1730,Juana Barrios
1731,Judd Hirsch
1732,Judd Nelson
1733,Jude Law
1734,Judge Reinhold
1735,Judi Dench
1736,Judie Aronson
1737,Judith Anderson
1738,Judith Barsi
1739,Judith Godrèche
1740,Judith Henry
1741,Judy Davis
1742,Judy Garland
1743,Judy Parfitt
1744,Judyann Elder
1745,Julia Louis-Dreyfus
1746,Julia McNeal
1747,Julia Nickson
1748,Julia Ormond
1749,Julia Roberts
1750,Julia Weldon
1751,Julian Arahanga
1752,Julian Fellowes
1753,Julian Sands
1754,Julianne Moore
1755,Julianne Phillips
1756,Julie Andrews
1757,Julie Balloo
1758,Julie Bowen
1759,Julie Burgess
1760,Julie Carmen
1761,Julie Christie
1762,Julie Delpy
1763,Julie Entwisle
1764,Julie Harris
1765,Julie Sommars
1766,Julie Warner
1767,Juliet Landau
1768,Juliette Binoche
1769,Juliette Lewis
1770,Juliette Mayniel
1771,June Foray
1772,June Kyoto Lu
1773,Jurnee Smollett
1774,Justin Braine
1775,Justin Cooper
1776,Justin Henry
1777,Justin Pierce
1778,Justin Whalin
1779,Jérémie Renier
1780,Jürgen Prochnow
1781,Kadeem Hardison
1782,Kaelynn Craddick
1783,Kai Doi
1784,Kali Rocha
1785,Kalina Jedrusik
1786,Kamal Ahmed
1787,Kamala Lopez
1788,Kandeyce Jorden
1789,Kane Hodder
1790,Kanin Howell
1791,Kanu Bannerjee
1792,Karan Ashley
1793,Karen Allen
1794,Karen Black
1795,Karen Duffy
1796,Karen McLymont
1797,Karen Sillas
1798,Karen Valentine
1799,Karl Geary
1800,Karl Malden
1801,Karuna Bannerjee
1802,Kasi Lemmons
1803,Kassie Wesley DePaiva
1804,Kate Beckinsale
1805,Kate Byers
1806,Kate Capshaw
1807,Kate Maberly
1808,Kate Nelligan
1809,Kate Winslet
1810,Katharina Thalbach
1811,Katharine Hepburn
1812,Katharine Ross
1813,Katherine Heigl
1814,Katherine Helmond
1815,Kathleen Kinmont
1816,Kathleen Quinlan
1817,Kathleen Turner
1818,Kathryn Beaumont
1819,Kathryn Erbe
1820,Kathryn Rossetter
1821,Kathy Baker
1822,Kathy Bates
1823,Kathy Larson
1824,Kathy Najimy
1825,Katie Holmes
1826,Katie Schlossberg
1827,Katrin Cartlidge
1828,Katy Jurado
1829,Katya Ladan
1830,Kay Johnson
1831,Kay Thompson
1832,Kayoko Kishimoto
1833,Ke Huy Quan
1834,Keanu Reeves
1835,Keenan Wynn
1836,Keenen Ivory Wayans
1837,Keiko Tsushima
1838,Keir Dullea
1839,Keith Allen
1840,Keith David
1841,Keith Stuart Thayer
1842,Kellie Martin
1843,Kelly Hunter
1844,Kelly Jo Minter
1845,Kelly Lynch
1846,Kelly McGillis
1847,Kelly Preston
1848,Kelly Rowan
1849,Kelsey Grammer
1850,Ken Berry
1851,Ken Ogata
1852,Ken Stott
1853,Kenneth Branagh
1854,Kenneth Mars
1855,Kenneth Tsang
1856,Kermit the Frog
1857,Kerry Fox
1858,Kerry Noonan
1859,Kevin Bacon
1860,Kevin Bishop
1861,Kevin Chevalia
1862,Kevin Connolly
1863,Kevin Costner
1864,Kevin Dillon
1865,Kevin Dunn
1866,Kevin J. O'Connor
1867,Kevin Kline
1868,Kevin Lin
1869,Kevin McDonald
1870,Kevin McKidd
1871,Kevin Murphy
1872,Kevin P. Scott
1873,Kevin Patrick Walls
1874,Kevin Pollak
1875,Kevin Sorbo
1876,Kevin Spacey
1877,Kevin West
1878,Kevin Zegers
1879,Keye Luke
1880,Khandi Alexander
1881,Kiefer Sutherland
1882,Kieu Chinh
1883,Kim Basinger
1884,Kim Cattrall
1885,Kim Coates
1886,Kim Darby
1887,Kim Delaney
1888,Kim Dickens
1889,Kim Greist
1890,Kim Miyori
1891,Kim Murphy
1892,Kim Myers
1893,Kim Novak
1894,Kim Richards
1895,Kim Vithana
1896,Kimberly Beck
1897,Kimberly Deauna Adams
1898,Kimberly Elise
1899,Kimberly Stringer
1900,Kimberly Williams-Paisley
1901,Kirk Baltz
1902,Kirk Douglas
1903,Kirsten Baker
1904,Kirsten Dunst
1905,Kirstie Alley
1906,Kirsty Child
1907,Kisha Brackel
1908,Kitty Winn
1909,Klaus Kinski
1910,Klaus Maria Brandauer
1911,Klaus Wennemann
1912,Kong Chu
1913,Kristian Almgren
1914,Kristin Rudrüd
1915,Kristin Scott Thomas
1916,Kristina Adolphson
1917,Kristine Sutherland
1918,Kristy Swanson
1919,Kristy Young
1920,Krystia Mova
1921,Krystyna Janda
1922,Kuei-Mei Yang
1923,Kurt Cobain
1924,Kurt Russell
1925,Kurtwood Smith
1926,Kyla Pratt
1927,Kyle Howard
1928,Kyle MacLachlan
1929,Kyra Sedgwick
1930,Kôichi Yamadera
1931,Kôji Yakusho
1932,LL Cool J
1933,Lacey Chabert
1934,Lai Wang
1935,Laila Robins
1936,Lainie Kazan
1937,Lala Sloatman
1938,Lance Henriksen
1939,Lane Smith
1940,Lar Park-Lincoln
1941,Lara Flynn Boyle
1942,Lara Morgan
1943,Laraine Day
1944,Larenz Tate
1945,Larisa Oleynik
1946,Larry B. Scott
1947,Larry Bishop
1948,Larry Block
1949,Larry Miller
1950,Larry Roberts
1951,Laura Dern
1952,Laura Harrington
1953,Laura Linney
1954,Laura Lovelace
1955,Laura San Giacomo
1956,Laura Weekes
1957,Lauren Ambrose
1958,Lauren Bacall
1959,Lauren Holly
1960,Laurence Côte
1961,Laurence Fishburne
1962,Laurence Harvey
1963,Laurence Olivier
1964,Laurie Fortier
1965,Laurie Metcalf
1966,Lawrence A. Bonney
1967,Lawrence Dane
1968,Lawrence T. Wrentz
1969,Lazar Ristovski
1970,LeVar Burton
1971,Lea Thompson
1972,Lee Evans
1973,Lee Grant
1974,Lee J. Cobb
1975,Lee Remick
1976,Lee Van Cleef
1977,Leigh Taylor-Young
1978,Lela Rochon
1979,Lena Cardwell
1980,Lena Headey
1981,Lena Olin
1982,Leni Riefenstahl
1983,Lenny von Dohlen
1984,Lenore Banks
1985,Leo Fitzpatrick
1986,Leo G. Carroll
1987,Leo McKern
1988,Leon
1989,Leon Lai
1990,Leonard Nimoy
1991,Leonardo Cimino
1992,Leonardo DiCaprio
1993,Leopold Kozlowski
1994,Leopold Stokowski
1995,Lesley Ann Warren
1996,Lesley Sharp
1997,Leslie Caron
1998,Leslie Cheung
1999,Leslie Howard
2000,Leslie Mann
2001,Leslie Nielsen
2002,Lew Ayres
2003,Lexi Randall
2004,Lezlie Deane
2005,Lhakpa Dorji
2006,Liam Ahern
2007,Liam Cunningham
2008,Liam Neeson
2009,Libby Langdon
2010,Liberto Rabal
2011,Libuse Safránková
2012,Liesel Matthews
2013,Liev Schreiber
2014,Lili Taylor
2015,Lillo Brancato
2016,Lily Tomlin
2017,Linda Blair
2018,Linda Darnell
2019,Linda Faye Farkas
2020,Linda Fiorentino
2021,Linda Hamilton
2022,Linda Henry
2023,Linda Hunt
2024,Linda Kozlowski
2025,Linda Larkin
2026,Linden Ashby
2027,Lindsay Crouse
2028,Lindsay Duncan
2029,Lindsay Lohan
2030,Linus Roache
2031,Lionel Barrymore
2032,Lisa Andoh
2033,Lisa Boyle
2034,Lisa Kudrow
2035,Lisa Lu
2036,Lisa Nicole Carson
2037,Lisa Spoonauer
2038,Lisa Wilcox
2039,Lisa Zane
2040,LisaRaye McCoy
2041,Lisanne Falk
2042,Litefoot
2043,Liv Tyler
2044,Livio Badurina
2045,Liz Callaway
2046,Liza Harris
2047,Liza Weil
2048,Lloyd Avery II
2049,Lloyd Berry
2050,Lloyd Bridges
2051,Loles León
2052,Lolita Davidovich
2053,Loni Anderson
2054,Loretta Devine
2055,Lori Martin
2056,Lori Petty
2057,Lori Williams
2058,Lorna Luft
2059,Lorraine Bracco
2060,Lorraine Gary
2061,Lothaire Bluteau
2062,Lou Antonio
2063,Lou Diamond Phillips
2064,Lou Jacobi
2065,Lou Reed
2066,Louis Calhern
2067,Louis Eppolito
2068,Louis Gossett Jr.
2069,Louis Jourdan
2070,Louis Wolheim
2071,Louise Fletcher
2072,Luana Patten
2073,Luc Roeg
2074,Luca Zingaretti
2075,Lucie Mannheim
2076,Lucille Bremer
2077,Lucinda Jenney
2078,Lucy Webb
2079,Luis Camacho
2080,Luis Guzmán
2081,Luise Rainer
2082,Luiz Fernando Guimarães
2083,Lukas Haas
2084,Luke Edwards
2085,Luke Perry
2086,Luke Wilson
2087,Lum Chang Pang
2088,Lumi Cavazos
2089,Luna Lauren Velez
2090,Lyle Lovett
2091,Lynda Steadman
2092,Lynn Cohen
2093,Lynn Whitfield
2094,Léopoldine Serre
2095,M.C. Gainey
2096,Mabel King
2097,Macaulay Culkin
2098,Mackenzie Astin
2099,Madam Alex
2100,Madeleine Carroll
2101,Madeleine Stowe
2102,Madeline Kahn
2103,Madison Arnold
2104,Madonna
2105,Mae Whitman
2106,Magaye Niang
2107,Maggie Cheung
2108,Maggie Smith
2109,Maila Nurmi
2110,Mako
2111,Malachi Pearson
2112,Malcolm McDowell
2113,Malik Yoba
2114,Mamaengaroa Kerr-Bell
2115,Mami Koyama
2116,Manner Washington
2117,Mara Wilson
2118,Marc Anthony
2119,Marc Duret
2120,Marc Michel
2121,Marc Shaiman
2122,Marcel Hillaire
2123,Marcel Iures
2124,Marcello Mastroianni
2125,Marcia Gay Harden
2126,Marcia Strassman
2127,Marco Leonardi
2128,Marcus Gilbert
2129,Marcus Lyle Brown
2130,Mare Winningham
2131,Marg Helgenberger
2132,Margaret Avery
2133,Margaret Cho
2134,Margaret Colin
2135,Margaret O'Brien
2136,Margaret Whitton
2137,Margot Kidder
2138,Margot Steinberg
2139,Mari Earle
2140,Maria Conchita Alonso
2141,Maria Grazia Cucinotta
2142,Maria Mathiesen
2143,Maria Pitillo
2144,Maria Porter
2145,Maria Schrader
2146,Marianna Hill
2147,Marianne Hagan
2148,Marie Mullen
2149,Marie-Anne Chazel
2150,Marie-Laure Dougnac
2151,Mariel Hemingway
2152,Marilu Henner
2153,Marilyn Ghigliotti
2154,Marilyn Monroe
2155,Marilyn Sokol
2156,Marina Zudina
2157,Mario Iván Martínez
2158,Mario Machado
2159,Mario Van Peebles
2160,Marisa Paredes
2161,Marisa Tomei
2162,Mark Addy
2163,Mark Benton
2164,Mark Boone Junior
2165,Mark Bringelson
2166,Mark Christopher Lawrence
2167,Mark Frankel
2168,Mark Goodin
2169,Mark Hamill
2170,Mark Linn-Baker
2171,Mark Margolis
2172,Mark McKinney
2173,Mark Merritt
2174,Mark Patton
2175,Mark Rolston
2176,Mark Rylance
2177,Mark Salling
2178,Mark Wahlberg
2179,Mark Watson
2180,Mark Williams
2181,Marlene Dietrich
2182,Marlon Brando
2183,Marlon Wayans
2184,Marsha Mason
2185,Martha Plimpton
2186,Martha Velez
2187,Martha Vickers
2188,Martha Wentworth
2189,Martin Balsam
2190,Martin Donovan
2191,Martin Landau
2192,Martin Lawrence
2193,Martin Neufeld
2194,Martin Raymond
2195,Martin Sheen
2196,Martin Short
2197,Marton Csokas
2198,Marty Feldman
2199,Marvin Elkins
2200,Mary Astor
2201,Mary Beth Aylesworth
2202,Mary Boland
2203,Mary Costa
2204,Mary Elizabeth Mastrantonio
2205,Mary Kate Schellhardt
2206,Mary Kay Bergman
2207,Mary Kay Place
2208,Mary McCormack
2209,Mary McDonnell
2210,Mary Steenburgen
2211,Mary Stuart Masterson
2212,Mary Tyler Moore
2213,Mary-Kate Olsen
2214,Mary-Louise Parker
2215,María Barranco
2216,Masatoshi Nagase
2217,Massimo Troisi
2218,Mathew Botuchis
2219,Matiaz Bureau Caton
2220,Matt Craven
2221,Matt Damon
2222,Matt Day
2223,Matt Dillon
2224,Matt Frewer
2225,Matt Keeslar
2226,Matt LeBlanc
2227,Matt Malloy
2228,Matt McCoy
2229,Matt Stone
2230,Matt Winston
2231,Matthew Broderick
2232,Matthew Dyktynski
2233,Matthew Lillard
2234,Matthew McConaughey
2235,Matthew Modine
2236,Matthew Perry
2237,Maudie Johnson
2238,Maura Tierney
2239,Maureen O'Hara
2240,Maureen O'Sullivan
2241,Maureen Teefy
2242,Maurice Chevalier
2243,Mauricio Venegas
2244,Maury Chaykin
2245,Max Casella
2246,Max Johnson
2247,Max Perlich
2248,Max Pomeranc
2249,Max Schreck
2250,Max von Sydow
2251,Maxime McKendry
2252,Maximilian Schell
2253,Maxine Bahns
2254,Maxon Crumb
2255,Maxwell Caulfield
2256,May Whitty
2257,Maya Angelou
2258,Maya Lin
2259,Maynard Eziashi
2260,Meagan Good
2261,Meg Ryan
2262,Meg Tilly
2263,Megan Ward
2264,Mekhi Phifer
2265,Mel B
2266,Mel Blanc
2267,Mel Gibson
2268,Mel Gorham
2269,Mel Harris
2270,Melanie C
2271,Melanie Griffith
2272,Melanie Lynskey
2273,Melba Moore
2274,Melinda Dillon
2275,Melinda Kinnaman
2276,Melody Kay
2277,Melvyn Douglas
2278,Mercedes Ruehl
2279,Meredith Salenger
2280,Meryl Streep
2281,Mia Farrow
2282,Mia Kirshner
2283,Mia Sara
2284,Michael Bates
2285,Michael Beach
2286,Michael Biehn
2287,Michael Bowen
2288,Michael Caine
2289,Michael Chance
2290,Michael Chekhov
2291,Michael Conner Humphreys
2292,Michael Crawford
2293,Michael Currie
2294,Michael DeLorenzo
2295,Michael Denison
2296,Michael Douglas
2297,Michael Gambon
2298,Michael Gunther
2299,Michael H. Moss
2300,Michael Hitchcock
2301,Michael Ironside
2302,Michael J. Fox
2303,Michael J. Nelson
2304,Michael Jai White
2305,Michael Jeter
2306,Michael Jordan
2307,Michael Keaton
2308,Michael Kitchen
2309,Michael Landes
2310,Michael Lee Gogin
2311,Michael Lerner
2312,Michael Madsen
2313,Michael Martin
2314,Michael Massee
2315,Michael McElhatton
2316,Michael McGill
2317,Michael McGlone
2318,Michael Moore
2319,Michael Moriarty
2320,Michael Murphy
2321,Michael O'Keefe
2322,Michael Ornstein
2323,Michael Palin
2324,Michael Paré
2325,Michael Patrick Carter
2326,Michael Rapaport
2327,Michael Raynor
2328,Michael Rennie
2329,Michael Richards
2330,Michael Rooker
2331,Michael Scholes
2332,Michael Stock
2333,Michael Strong
2334,Michael Taliferro
2335,Michael Tucker
2336,Michael V. Gazzo
2337,Michael Wincott
2338,Michael York
2339,Michael von Au
2340,Michel Auclair
2341,Michel Bompoil
2342,Michel Boujenah
2343,Michel Piccoli
2344,Michel Serrault
2345,Michele Greene
2346,Michele Placido
2347,Michelle Forbes
2348,Michelle Meyrink
2349,Michelle Nicastro
2350,Michelle Pfeiffer
2351,Michelle Reis
2352,Michelle Trachtenberg
2353,Michelle Williams
2354,Michelle Yeoh
2355,Michèle Laroque
2356,Mick Jagger
2357,Mickey Knox
2358,Mickey Rourke
2359,Migdalia Melendez
2360,Miguel Ferrer
2361,Miguel Sandoval
2362,Mike Barbour
2363,Mike Heibeck
2364,Mike Judge
2365,Mike Malone
2366,Mike Minett
2367,Mike Myers
2368,Mike Starr
2369,Miki Lee
2370,Miko Hughes
2371,Milla Jovovich
2372,Milo O'Shea
2373,Mimi Rogers
2374,Ming-Na Wen
2375,Minnie Driver
2376,Miou-Miou
2377,Mira Sorvino
2378,Miranda Otto
2379,Miranda Rhyne
2380,Miranda Richardson
2381,Miriam Margolyes
2382,Mirjana Jokovic
2383,Mirta Ibarra
2384,Miss Piggy
2385,Mitchell Ryan
2386,Mitchell Whitfield
2387,Mitsuo Iwata
2388,Mohammad Amir Naji
2389,Mohsen Kafili
2390,Moira Kelly
2391,Molly Parker
2392,Molly Ringwald
2393,Mona McKinnon
2394,Mona Powell
2395,Monica Potter
2396,Montgomery Clift
2397,Morgan Freeman
2398,Mtume Gant
2399,Muhammad Ali
2400,Murray Hamilton
2401,Mustapha Ture
2402,Mykelti Williamson
2403,Myles Anderson
2404,Myriam Niang
2405,Myrna Loy
2406,N'Bushe Wright
2407,N/A
2408,Nadezhda Mikhalkova
2409,Nadine Miral
2410,Nadja Auermann
2411,Nafise Jafar-Mohammadi
2412,Nance O'Neil
2413,Nancy Allen
2414,Nancy Kyes
2415,Nancy Marchand
2416,Nancy Olson
2417,Nancy Travis
2418,Nanette Fabray
2419,Nanni Moretti
2420,Naomi Watts
2421,Naoto Takenaka
2422,Nastassja Kinski
2423,Nat Pendleton
2424,Natalie Cole
2425,Natalie Desselle Reid
2426,Natalie Portman
2427,Natalie Wood
2428,Natane Boudreau
2429,Natascha McElhone
2430,Natasha Gregson Wagner
2431,Natasha Henstridge
2432,Natasha Lyonne
2433,Natasha Morley
2434,Natasha Richardson
2435,Nathalie Baye
2436,Nathan Bexton
2437,Nathan Lane
2438,Nathaniel Parker
2439,Naveen Andrews
2440,Ned Beatty
2441,Ned Bellamy
2442,Ned Birkin
2443,Ned Dowd
2444,Neil Young
2445,Neva Patterson
2446,Neve Campbell
2447,Neville Phillips
2448,Nia Long
2449,Niall MacGinnis
2450,Nic Knight
2451,Nic Ratner
2452,Nicholas Farrell
2453,Nicholas Turturro
2454,Nick Broomfield
2455,Nick Chinlund
2456,Nick Nolte
2457,Nick Scotti
2458,Nick Stahl
2459,Nicky Katt
2460,Nico
2461,Nicol Williamson
2462,Nicola Howard
2463,Nicolas Cage
2464,Nicole Kidman
2465,Nicole de Boer
2466,Nicoletta Braschi
2467,Nicollette Sheridan
2468,Nigel Havers
2469,Nigel Hawthorne
2470,Niketa Calame-Harris
2471,Niki Haris
2472,Nikita Mikhalkov
2473,Nikolaj Coster-Waldau
2474,Nikolay Grinko
2475,Nils Poppe
2476,Nina Foch
2477,Nina Siemaszko
2478,Nina Xining Zuo
2479,Nino Castelnuovo
2480,Nino Manfredi
2481,Noah Emmerich
2482,Noel Rands
2483,Noreen Hennessey
2484,Norma Shearer
2485,Nozomu Sasaki
2486,O.J. Simpson
2487,Oleg Menshikov
2488,Oleg Yankovskiy
2489,Olek Krupa
2490,Olga Tudorache
2491,Olin Howland
2492,Oliver Platt
2493,Oliver Reed
2494,Oliver Robins
2495,Olivia Barash
2496,Olivia Burnette
2497,Olivia Newton-John
2498,Olivia Williams
2499,Olivia d'Abo
2500,Olivia de Havilland
2501,Olivier Gourmet
2502,Olivier Martinez
2503,Olivier Py
2504,Olympia Dukakis
2505,Omar Epps
2506,Omar Sharif
2507,Omri Katz
2508,Ondrej Vetchý
2509,Orson Welles
2510,Oscar Levant
2511,Ossie Davis
2512,Otis Young
2513,Otto Sander
2514,Otto Wernicke
2515,Owen Wilson
2516,P.J. Soles
2517,Paige Turco
2518,Paloma Baeza
2519,Pam Grier
2520,Pamela Adlon
2521,Pamela Blair
2522,Pamela Gidley
2523,Pamela Hart
2524,Pamela Rabe
2525,Pamela Reed
2526,Paolo Rotondo
2527,Paolo Turco
2528,Paolo Villaggio
2529,Paris Duprée
2530,Parker Posey
2531,Pascal Benezech
2532,Pascal Duquenne
2533,Pascale Bussières
2534,Pat Barlow
2535,Pat Benatar
2536,Pat Carroll
2537,Pat Hingle
2538,Pat McNamara
2539,Pat Morita
2540,Pat Skipper
2541,Pat Slowey
2542,Pat Thomson
2543,Patricia Arquette
2544,Patricia Neal
2545,Patricia Richardson
2546,Patrick Bauchau
2547,Patrick Bergin
2548,Patrick Dempsey
2549,Patrick Field
2550,Patrick Fontana
2551,Patrick Magee
2552,Patrick Malahide
2553,Patrick Shai
2554,Patrick Stewart
2555,Patrick Swayze
2556,Patrick Van Horn
2557,Patsy Kelly
2558,Patsy Kensit
2559,Patti LuPone
2560,Paul Bagget
2561,Paul Begala
2562,Paul Benedict
2563,Paul Collins
2564,Paul Dooley
2565,Paul Freeman
2566,Paul Gleason
2567,Paul Glover
2568,Paul Greco
2569,Paul Henreid
2570,Paul Hewitt
2571,Paul Hogan
2572,Paul Marco
2573,Paul McGann
2574,Paul Mercurio
2575,Paul Muni
2576,Paul Newman
2577,Paul Perri
2578,Paul Reiser
2579,Paul Reubens
2580,Paul Rhys
2581,Paul Rudd
2582,Paul Scofield
2583,Paul Shenar
2584,Paul Winfield
2585,Paula Kelly
2586,Paulette Patterson
2587,Pauline Collins
2588,Pauly Shore
2589,Pedro Cardoso
2590,Peggy Lee
2591,Penelope Allen
2592,Penelope Ann Miller
2593,Pernilla Allwin
2594,Perrey Reeves
2595,Perry Anzilotti
2596,Perry Lopez
2597,Pete O'Herne
2598,Pete Postlethwaite
2599,Peter Baker
2600,Peter Barton
2601,Peter Behn
2602,Peter Berg
2603,Peter Boyle
2604,Peter Coyote
2605,Peter Cushing
2606,Peter Dobson
2607,Peter Facinelli
2608,Peter Falk
2609,Peter Fonda
2610,Peter Friedman
2611,Peter Gallagher
2612,Peter Gowen
2613,Peter Greene
2614,Peter Horton
2615,Peter Jacobson
2616,Peter Lorre
2617,Peter MacNicol
2618,Peter McDonald
2619,Peter O'Toole
2620,Peter Outerbridge
2621,Peter Riegert
2622,Peter Sallis
2623,Peter Sellers
2624,Peter Stormare
2625,Peter Ustinov
2626,Peter Weller
2627,Petr Cepek
2628,Phil Harris
2629,Phil Hartman
2630,Phil Kelly
2631,Philip Dinn
2632,Philip King
2633,Philip Loch
2634,Philippe Leroy
2635,Philippe Noiret
2636,Phillip Rhee
2637,Phillip Terry
2638,Phoebe Brand
2639,Phoebe Cates
2640,Phylicia Rashad
2641,Phyllis Logan
2642,Pierce Brosnan
2643,Pierre Arditi
2644,Pierre Brasseur
2645,Pierre Sanoussi-Bliss
2646,Pietro Falcone
2647,Piper Laurie
2648,Piro Milkani
2649,Polly Bergen
2650,Polly Walker
2651,Powers Boothe
2652,Predrag 'Miki' Manojlovic
2653,Priscilla Lane
2654,Priscilla Presley
2655,Pruitt Taylor Vince
2656,Queen Latifah
2657,Quentin Crisp
2658,Quentin Tarantino
2659,Quincy Jones
2660,R. Lee Ermey
2661,R.D. Call
2662,R.G. Armstrong
2663,Rachael Crawford
2664,Rachael Leigh Cook
2665,Rachel Duncan
2666,Rachel Griffiths
2667,Rachel Kempson
2668,Rachel Roberts
2669,Rachel Ticotin
2670,Rachel True
2671,Rachel Ward
2672,Rachel Weisz
2673,Rade Serbedzija
2674,Radha Mitchell
2675,Rafael Cortes
2676,Ralph Bellamy
2677,Ralph Brown
2678,Ralph Fiennes
2679,Ralph Macchio
2680,Ralph Molina
2681,Ralph Waite
2682,Ramon Tikaram
2683,Ramsey Krull
2684,Randy Quaid
2685,Raoul O'Connell
2686,Raquel Welch
2687,Rasila Schroeder
2688,Raul Julia
2689,Raven Snow
2690,Rawle D. Lewis
2691,Ray Allen
2692,Ray Barlow
2693,Ray Bolger
2694,Ray Liotta
2695,Ray Milland
2696,Ray Walston
2697,Ray Wise
2698,Raymond A. Mendez
2699,Raymond Cruz
2700,Raymond J. Barry
2701,Raymond Massey
2702,RaéVen Kelly
2703,Rebecca Frith
2704,Rebecca Nelson
2705,Rebecca Pidgeon
2706,Rebecca Williams
2707,Rebel Penfold-Russell
2708,Red Buttons
2709,Reese Witherspoon
2710,Regina King
2711,Regina Torné
2712,Reginald Gardiner
2713,Reginald Hudlin
2714,Reginald VelJohnson
2715,Reilly Murphy
2716,Remy Ryan
2717,Ren Osugi
2718,Rena Owen
2719,Renato Scarpa
2720,Renaud
2721,Rene Auberjonois
2722,Rene Ceballos
2723,Rene Russo
2724,Renoly Santiago
2725,Renée Le Calm
2726,Renée Zellweger
2727,Rex Everhart
2728,Rex Harrison
2729,Rhea Perlman
2730,Rhonda Britton
2731,Rhonda Fleming
2732,Richard Alan Baker
2733,Richard Attenborough
2734,Richard Belzer
2735,Richard Beymer
2736,Richard Bohringer
2737,Richard Bradford
2738,Richard Briers
2739,Richard Brooker
2740,Richard Brooks
2741,Richard Burton
2742,Richard Chaim
2743,Richard Crenna
2744,Richard Denning
2745,Richard Dix
2746,Richard Dreyfuss
2747,Richard E. Grant
2748,Richard Gere
2749,Richard Greene
2750,Richard Griffiths
2751,Richard Harris
2752,Richard Ingram
2753,Richard Jenkins
2754,Richard L. Friedman
2755,Richard Lewis
2756,Richard Libertini
2757,Richard Mulligan
2758,Richard Norton
2759,Richard Riehle
2760,Richard Romanus
2761,Richard Roundtree
2762,Richard Roxburgh
2763,Richard Rutowski
2764,Richard S. Castellano
2765,Richard Schiff
2766,Richard T. Jones
2767,Richie Allan
2768,Rick Aviles
2769,Rick Ducommun
2770,Rick Moranis
2771,Ricki Lake
2772,Ricky Jay
2773,Ricky Memphis
2774,Rico Bueno
2775,Rik Mayall
2776,Rita Moreno
2777,Rita Wilson
2778,Ritch Brinkley
2779,River Phoenix
2780,Riz Abbasi
2781,Rob Morrow
2782,Rob Reiner
2783,Rob Schneider
2784,Robbi Morgan
2785,Robbie Coltrane
2786,Robby Benson
2787,Robert Apel
2788,Robert Apisa
2789,Robert Best
2790,Robert Blake
2791,Robert Carlyle
2792,Robert Crumb
2793,Robert Curtis Brown
2794,Robert Davi
2795,Robert De Niro
2796,Robert Deacon
2797,Robert Donat
2798,Robert Downey Jr.
2799,Robert Duvall
2800,Robert Englund
2801,Robert Forster
2802,Robert J. Steinmiller Jr.
2803,Robert John Burke
2804,Robert Joy
2805,Robert Klein
2806,Robert Knott
2807,Robert Loggia
2808,Robert Mitchum
2809,Robert Morley
2810,Robert Oliveri
2811,Robert Pastorelli
2812,Robert Patrick
2813,Robert Prosky
2814,Robert Redford
2815,Robert Rusler
2816,Robert Ryan
2817,Robert Sean Leonard
2818,Robert Shaw
2819,Robert Stack
2820,Robert Wuhl
2821,Roberta Maxwell
2822,Roberto Benigni
2823,Robin Bartlett
2824,Robin Givens
2825,Robin Quivers
2826,Robin Shou
2827,Robin Thomas
2828,Robin Tunney
2829,Robin Williams
2830,Robin Wright
2831,Rochelle Davis
2832,Rock Hudson
2833,Rod Steiger
2834,Rod Taylor
2835,Roddy Maude-Roxby
2836,Roddy McDowall
2837,Rodney A. Grant
2838,Rodney Brooks
2839,Rodney Dangerfield
2840,Roger Aaron Brown
2841,Roger B. Smith
2842,Roger Bart
2843,Roger Jackson
2844,Roger Lloyd Pack
2845,Roger Moore
2846,Roger Rees
2847,Rohini Hattangadi
2848,Rolf Hoppe
2849,Romane Bohringer
2850,Ron Eldard
2851,Ron Kuhlman
2852,Ron Livingston
2853,Ron Moody
2854,Ron Perlman
2855,Ron Rifkin
2856,Ron Silver
2857,Ron Smerczak
2858,Ronald Colman
2859,Ronald Lacey
2860,Ronald Squire
2861,Ronee Blakley
2862,Rongguang Yu
2863,Rory Cochrane
2864,Rosalind Russell
2865,Rosana Pastor
2866,Rosanna Arquette
2867,Rosario Dawson
2868,Roscoe Karns
2869,Rose De Liema
2870,Rose McGowan
2871,Roseanne Barr
2872,Rosemary Harris
2873,Rosemary Murphy
2874,Roshan Seth
2875,Rosie O'Donnell
2876,Rosie Perez
2877,Ross Malinger
2878,Ross Partridge
2879,Rossy de Palma
2880,Rowan Atkinson
2881,Rowena Cooper
2882,Roxanne Hart
2883,Roy Atwell
2884,Roy Dotrice
2885,Roy Dupuis
2886,Roy Scheider
2887,Royal Dano
2888,Roz Hammond
2889,Ruby Dee
2890,Rubén Blades
2891,Rudolf Klein-Rogge
2892,Rudolf Martin
2893,Rufus Sewell
2894,Ruocheng Ying
2895,Rupert Everett
2896,Rupert Graves
2897,Russ Tamblyn
2898,Russell Crowe
2899,Russell Means
2900,Rusty Cundieff
2901,Rusty Schwimmer
2902,Rutanya Alda
2903,Rutger Hauer
2904,Ruth Gordon
2905,Ruth Hussey
2906,Ruth Marshall
2907,Ruth Sheen
2908,Ruth Warrick
2909,Rya Kihlstedt
2910,Ryan Bohls
2911,Ryan O'Neal
2912,Ryan Phillippe
2913,Ryan Slater
2914,Sab Shimono
2915,Sadie Frost
2916,Saeed Jaffrey
2917,Safar Ali Moradi
2918,Saffron Burrows
2919,Sage Allen
2920,Saifei He
2921,Salli Richardson-Whitfield
2922,Sally Field
2923,Sally Yeh
2924,Salma Hayek
2925,Salomé Lelouch
2926,Sam Berry
2927,Sam Elliott
2928,Sam Jaffe
2929,Sam Neill
2930,Sam Robards
2931,Sam Rockwell
2932,Sam Shepard
2933,Sam Waterston
2934,Samantha Mathis
2935,Sammi Davis
2936,Samuel Gould
2937,Samuel L. Jackson
2938,Samuel Monroe Jr.
2939,Sandahl Bergman
2940,Sandie Lavelle
2941,Sandra Bernhard
2942,Sandra Bullock
2943,Sandra Hess
2944,Sandra Milo
2945,Sandra Oh
2946,Sandra Scott
2947,Sandrine Bonnaire
2948,Sandy Duncan
2949,Sandy Nelson
2950,Sara Craddick
2951,Sarah Berry
2952,Sarah Henderson
2953,Sarah Jessica Parker
2954,Sarah Michelle Gellar
2955,Sarah Peirse
2956,Sarah Polley
2957,Sarita Choudhury
2958,Sarita Khajuria
2959,Sasha Graff
2960,Saul Rubinek
2961,Saul Stein
2962,Saïd Taghmaoui
2963,Scatman Crothers
2964,Schuyler Fisk
2965,Scott 'Carrot Top' Thompson
2966,Scott Allen
2967,Scott Bairstow
2968,Scott Bakula
2969,Scott Charles
2970,Scott Glenn
2971,Scott McAfee
2972,Scott Mosier
2973,Scott Neal
2974,Scott Weinger
2975,Scott Williamson
2976,Scott Wilson
2977,Scott Wolf
2978,Sean Astin
2979,Sean Bean
2980,Sean Connery
2981,Sean Gullette
2982,Sean Lawlor
2983,Sean McGinley
2984,Sean Nelson
2985,Sean Patrick Flanery
2986,Sean Penn
2987,Sean Pertwee
2988,Sean Young
2989,Sebastian Cabot
2990,Sebastian Rudolph
2991,Sebastiano Nardone
2992,Seidy Lopez
2993,Sela Ward
2994,Seputla Sebogodi
2995,Sergio Solli
2996,Sessue Hayakawa
2997,Seth Mumy
2998,Shane
2999,Shane Meier
3000,Shani Wallis
3001,Shannen Doherty
3002,Shaquille O'Neal
3003,Shar-Ron Corley
3004,Shari Albert
3005,Shari Hall
3006,Sharmila Tagore
3007,Sharon Stone
3008,Shawn Andrews
3009,Shawn Wayans
3010,Shawn Weatherly
3011,Shea Fowler
3012,Sheila Burrell
3013,Sheila Hancock
3014,Shelley Duvall
3015,Shelley Long
3016,Shelley Thompson
3017,Shelley Winters
3018,Sherilyn Fenn
3019,Sherry Miller
3020,Sheryl Lee
3021,Shimon Aviel
3022,Shirley Knight
3023,Shirley MacLaine
3024,Shirley Temple
3025,Shon Greenblatt
3026,Sidney Livingstone
3027,Sidney Poitier
3028,Sigourney Weaver
3029,Sihung Lung
3030,Silas Cooper
3031,Simon Callow
3032,Simon MacCorkindale
3033,Simon Shepherd
3034,Sinbad
3035,Sinéad Cusack
3036,Sissy Boyd
3037,Sissy Spacek
3038,Skeet Ulrich
3039,Slavko Stimac
3040,Sloan Cobb
3041,Solveig Dommartin
3042,Sonia Todd
3043,Sonny Rollins
3044,Sophia Loren
3045,Sophie Lee
3046,Sophie Marceau
3047,Soumitra Chatterjee
3048,Spalding Gray
3049,Spencer Tracy
3050,Spencer Vrooman
3051,Spike Lee
3052,Stacey Dash
3053,Stacey Nelkin
3054,Stacy Edwards
3055,Stan Alexander
3056,Stanley Holloway
3057,Stanley Lawrence
3058,Stanley Tucci
3059,Starr Andreeff
3060,Stefano Dionisi
3061,Stellan Skarsgård
3062,Stephanie Roth Haberle
3063,Stephanie Sawyer
3064,Stephen Baldwin
3065,Stephen Boyd
3066,Stephen Chang
3067,Stephen Dillane
3068,Stephen Dorff
3069,Stephen Fry
3070,Stephen Gevedon
3071,Stephen J. Lang
3072,Stephen Lang
3073,Stephen Macht
3074,Stephen Mendillo
3075,Stephen Rea
3076,Stephen Spinella
3077,Stephen Tobolowsky
3078,Stephen Tompkinson
3079,Stephen W. Burns
3080,Stephen Young
3081,Sterling Hayden
3082,Sterling Holloway
3083,Steve Bilich
3084,Steve Buscemi
3085,Steve Cardenas
3086,Steve Guttenberg
3087,Steve Huison
3088,Steve Martin
3089,Steve McQueen
3090,Steve Railsback
3091,Steve Shill
3092,Steve Zahn
3093,Steven Berkoff
3094,Steven Mackintosh
3095,Steven Seagal
3096,Steven Waddington
3097,Steven Weber
3098,Stockard Channing
3099,Strother Martin
3100,Stuart Buchanan
3101,Stuart Wilson
3102,Stéphane Rideau
3103,Susan Anspach
3104,Susan Blu
3105,Susan Fleetwood
3106,Susan Roman
3107,Susan Sarandon
3108,Susan Sheridan
3109,Susan Swift
3110,Susan Traylor
3111,Susanne Pollatschek
3112,Susie Bright
3113,Susie Porter
3114,Susumu Terajima
3115,Suzanna Hamilton
3116,Suzanne Bateman
3117,Suzanne Pleshette
3118,Suzy Amis
3119,Suzzanne Douglas
3120,Sverre Anker Ousdal
3121,Swapan Mukherjee
3122,Swoosie Kurtz
3123,Sylvester Stallone
3124,Sylvia Miles
3125,Sylvie Testud
3126,T. Wendy McMillan
3127,T.J. Lowther
3128,Takaaki Ishibashi
3129,Takashi Shimura
3130,Takeshi Kaneshiro
3131,Takeshi Kitano
3132,Talia Shire
3133,Talisa Soto
3134,Tamar van den Dop
3135,Tameka Empson
3136,Tamiyo Kusakari
3137,Tamlyn Tomita
3138,Tano Cimarosa
3139,Tara Fitzgerald
3140,Tara Morice
3141,Tate Donovan
3142,Tatjana Trieb
3143,Tatsuya Fuji
3144,Tatsuya Nakadai
3145,Taylor Nichols
3146,Tchéky Karyo
3147,Ted Danson
3148,Ted Levine
3149,Temuera Morrison
3150,Tenzin Thuthob Tsarong
3151,Tenzin Yeshi Paichang
3152,Terence Stamp
3153,Teresa Wright
3154,Teri Hatcher
3155,Terrence Howard
3156,Terry Ballard
3157,Terry Kinney
3158,Terry Potter
3159,Terry Wood
3160,Tess Harper
3161,Tesshô Genda
3162,Thandiwe Newton
3163,The Lady Bunny
3164,The Marx Brothers
3165,The Philadelphia Orchestra
3166,Thelma Ritter
3167,Theresa Randle
3168,Theresa Russell
3169,Thokozani Nkosi
3170,Thom Mathews
3171,Thomas F. Wilson
3172,Thomas Gibson
3173,Thomas Haden Church
3174,Thomas Ian Griffith
3175,Thomas Ian Nicholas
3176,Thomas Jay Ryan
3177,Thomas Jefferson Byrd
3178,Thomas Kretschmann
3179,Thomas Lockyer
3180,Thomas Mitchell
3181,Thora Birch
3182,Thuy An Luu
3183,Tia Carrere
3184,Ticky Holgado
3185,Tiffany Paulsen
3186,Tilda Swinton
3187,Tim Allen
3188,Tim Barlow
3189,Tim Conway
3190,Tim Curry
3191,Tim Daly
3192,Tim Dutton
3193,Tim Holt
3194,Tim Matheson
3195,Tim Mirkovich
3196,Tim Robbins
3197,Tim Roth
3198,Time Winters
3199,Timothy Balme
3200,Timothy Bateson
3201,Timothy Busfield
3202,Timothy Dalton
3203,Timothy Hutton
3204,Timothy Reifsnyder
3205,Timothy Spall
3206,Tina Aumont
3207,Tina Majorino
3208,Tippi Hedren
3209,Tobey Maguire
3210,Tobias Arnold
3211,Tobias Mehler
3212,Toby Froud
3213,Todd Allen
3214,Todd Bryant
3215,Todd Caldecott
3216,Todd Field
3217,Tom Arnold
3218,Tom Atkins
3219,Tom Berenger
3220,Tom Bower
3221,Tom Cayler
3222,Tom Cruise
3223,Tom Davis
3224,Tom Erhart
3225,Tom Everett Scott
3226,Tom Gilroy
3227,Tom Guiry
3228,Tom Hanks
3229,Tom Helmore
3230,Tom Hulce
3231,Tom Keene
3232,Tom Lister Jr.
3233,Tom McCamus
3234,Tom Noonan
3235,Tom Selleck
3236,Tom Sizemore
3237,Tom Skerritt
3238,Tom Waits
3239,Tom Wilkinson
3240,Tom Wood
3241,Tom Wright
3242,Tomas Melly
3243,Tomas von Brömssen
3244,Tommy Chong
3245,Tommy Davidson
3246,Tommy Kirk
3247,Tommy Lee Jones
3248,Tommy Sands
3249,Tommy Tweed
3250,Tone Loc
3251,Toni Collette
3252,Tony Brooks
3253,Tony Chiu-Wai Leung
3254,Tony Curtis
3255,Tony Danza
3256,Tony Goldwyn
3257,Tony Lo Bianco
3258,Tony Roberts
3259,Tony Shalhoub
3260,Tony Todd
3261,Tony Ward
3262,Tori Spelling
3263,Toshi Toda
3264,Toshirô Mifune
3265,Trace Beaulieu
3266,Tracey Cherelle Jones
3267,Tracey Walter
3268,Travis Fine
3269,Treat Williams
3270,Trevor Howard
3271,Trey Parker
3272,Trey Wilson
3273,Trini Alvarado
3274,Tristan Rogers
3275,Troy Evans
3276,Tsai Chin
3277,Tulku Jamyang Kunga Tenzin
3278,Tupac Shakur
3279,Tura Satana
3280,Tushka Bergen
3281,Tyrin Turner
3282,Tyrone Power
3283,Téa Leoni
3284,Tôru Nakamura
3285,U Aung Ko
3286,Udo Kier
3287,Udo Samel
3288,Ugo D'Alessio
3289,Uma Das Gupta
3290,Uma Thurman
3291,V.S. Brodie
3292,Val Bettin
3293,Val Kilmer
3294,Valentina Cervi
3295,Valentina Vargas
3296,Valeria Golino
3297,Valerie Hobson
3298,Valerie M. Agnew
3299,Valerie Mahaffey
3300,Valeriy Nikolaev
3301,Valérie Lemercier
3302,Vance Johnson
3303,Vanessa Angel
3304,Vanessa Chester
3305,Vanessa Lee Asher
3306,Vanessa Redgrave
3307,Vanessa Williams
3308,Veerle van Overloop
3309,Vera Miles
3310,Verna Felton
3311,Veronica Cartwright
3312,Veronika Bendová
3313,Verónica Forqué
3314,Vicki Lewis
3315,Victoire Thivisol
3316,Victor Argo
3317,Victor Garber
3318,Victor Slezak
3319,Victoria Abril
3320,Victoria Davis
3321,Victoria Smurfit
3322,Victoria Tennant
3323,Viggo Mortensen
3324,Vince Vaughn
3325,Vincent Angell
3326,Vincent Cassel
3327,Vincent D'Onofrio
3328,Vincent Gallo
3329,Vincent Kartheiser
3330,Vincent Perez
3331,Vincent Price
3332,Ving Rhames
3333,Vinny Argiro
3334,Virginia Capers
3335,Virginia Madsen
3336,Virginia McCollam
3337,Virginie Ledoyen
3338,Vittorio De Sica
3339,Vivean Gray
3340,Viveca Lindfors
3341,Vivian Paxton
3342,Vivian Pickles
3343,Vivian Wu
3344,Vivica A. Fox
3345,Vivien Leigh
3346,Vladimir Cruz
3347,Vladimir Vega
3348,Vladimír Kudla
3349,Vonte Sweet
3350,Vusi Kunene
3351,Wallace Beery
3352,Wallace Wood
3353,Wally Cox
3354,Walt Disney
3355,Walter Catlett
3356,Walter Connolly
3357,Walter Frentz
3358,Walter Hampden
3359,Walter Huston
3360,Walter Levine
3361,Walter Matthau
3362,Walter Pidgeon
3363,Walter Slezak
3364,Wanda Bursey
3365,Wang Fei
3366,Ward Bond
3367,Warren Beatty
3368,Warren Clarke
3369,Warren Oates
3370,Warren Stevens
3371,Wayne Knight
3372,Wendell Corey
3373,Wendell Pierce
3374,Wendy Crewson
3375,Wendy Hiller
3376,Wendy Hughes
3377,Wendy Makkena
3378,Wes Studi
3379,Wesley Snipes
3380,Whip Hubley
3381,Whitney Houston
3382,Whittni Wright
3383,Whoopi Goldberg
3384,Wil Wheaton
3385,Wiley Moore
3386,Wilford Brimley
3387,Wilfrid Hyde-White
3388,Wilhelmenia Fernandez
3389,Will Mahoney
3390,Will Patton
3391,Will Smith
3392,Willeke van Ammelrooy
3393,Willem Dafoe
3394,William Atherton
3395,William B. Davis
3396,William Baldwin
3397,William Daniels
3398,William Fichtner
3399,William Forsythe
3400,William Gates
3401,William H. Macy
3402,William Hickey
3403,William Holden
3404,William Hurt
3405,William Katt
3406,William McNamara
3407,William O'Leary
3408,William Petersen
3409,William Powell
3410,William Richert
3411,William Sadler
3412,William Sanderson
3413,William Schallert
3414,William Shatner
3415,William Squire
3416,William Sylvester
3417,Wilson Dunster
3418,Wim Snape
3419,Winona Ryder
3420,Winston Ntshona
3421,Woody Allen
3422,Woody Harrelson
3423,Wu Jiang
3424,Xander Berkeley
3425,Xiaoxiao Wang
3426,Xuejian Li
3427,Yancy Butler
3428,Yaphet Kotto
3429,Yasmine Bleeth
3430,Yasuko Matsui
3431,Yeardley Smith
3432,Yi Ding
3433,Yolanda Orizaga
3434,Yolanda Vazquez
3435,Yorgo Voyagis
3436,Yoshi Oida
3437,Yoshio Harada
3438,You Ge
3439,Youssef Abed-Alnour
3440,Yu-Wen Wang
3441,Yukiko Shimazaki
3442,Yutaka Nakano
3443,Yvonne Zima
3444,Yûki Kudô
3445,Zach Galligan
3446,Zach Grenier
3447,Zack Duhame
3448,Zakes Mokae
3449,Zane Cassidy
3450,Zbigniew Zamachowski
3451,Zdenek Sverák
3452,Zelda Harris
3453,Zelda Rubinstein
3454,Zinedine Soualem
3455,Àlex Casanovas
3456,Ángela Molina
3457,Élodie Bouchez
3458,Émile Genest
