idx,imdb_id,director
1,tt0114709,John Lasseter
2,tt0113497,Joe Johnston
3,tt0113228,Howard Deutch
4,tt0114885,Forest Whitaker
5,tt0113041,Charles Shyer
6,tt0113277,Michael Mann
7,tt0114319,Sydney Pollack
8,tt0112302,Peter Hewitt
9,tt0114576,Peter Hyams
10,tt0113189,Martin Campbell
11,tt0112346,Rob Reiner
12,tt0112896,Mel Brooks
13,tt0112453,Simon Wells
14,tt0113987,Oliver Stone
15,tt0112760,Renny Harlin
16,tt0112641,Martin Scorsese
17,tt0114388,Ang Lee
18,tt0113101,Allison Anders
19,tt0113101,Alexandre Rockwell
20,tt0113101,Robert Rodriguez
21,tt0113101,Quentin Tarantino
22,tt0113101,Chuck Jones
23,tt0112281,Steve Oedekerk
24,tt0113845,Joseph Ruben
25,tt0113161,Barry Sonnenfeld
26,tt0112722,Jon Amiel
27,tt0112401,Richard Donner
28,tt0114168,Victor Salva
29,tt0113627,Mike Figgis
30,tt0114057,Oliver Parker
31,tt0114011,Lesli Linka Glatter
32,tt0114117,Roger Michell
33,tt0115012,Yimou Zhang
34,tt0112792,John N. Smith
35,tt0114746,Terry Gilliam
36,tt0112431,Chris Noonan
37,tt0112818,Tim Robbins
38,tt0113442,Andy Tennant
39,tt0112697,Amy Heckerling
40,tt0112749,Darrell Roodt
41,tt0114279,Richard Loncraine
42,tt0112819,Albert Hughes
43,tt0112819,Allen Hughes
44,tt0114272,Michael Hoffman
45,tt0113855,Paul W.S. Anderson
46,tt0114681,Gus Van Sant
47,tt0113347,Jocelyn Moorhouse
48,tt0114369,David Fincher
49,tt0114148,Mike Gabriel
50,tt0114148,Eric Goldberg
51,tt0114916,Patricia Rozema
52,tt0114814,Bryan Singer
53,tt0113819,Woody Allen
54,tt0110299,Gianni Amelio
55,tt0112499,Holly Goldberg Sloan
56,tt0113158,Ulu Grosbard
57,tt0113321,Jodie Foster
58,tt0110877,Michael Radford
59,tt0110877,Massimo Troisi
60,tt0113419,Frank Oz
61,tt0116260,John Schlesinger
62,tt0113862,Stephen Herek
63,tt0116126,Paris Barclay
64,tt0118002,Bill Bennett
65,tt0115683,Jason Bloom
66,tt0116839,Farhad Mann
67,tt0113149,Josiane Balasko
68,tt0113118,F. Gary Gray
69,tt0116367,Robert Rodriguez
70,tt0113010,Andrew Sipes
71,tt0113537,Noah Baumbach
72,tt0113828,Claude Lelouch
73,tt0115644,Michael Goldenberg
74,tt0115676,Steve Miner
75,tt0114367,Christian Duguay
76,tt0113973,Susanne Ofteringer
77,tt0112744,Sean Penn
78,tt0116731,Brian Gibson
79,tt0112445,Jafar Panahi
80,tt0114660,Gary Fleder
81,tt0112379,Marleen Gorris
82,tt0114039,Tim Reid
83,tt0112365,Philip Haas
84,tt0118158,Ridley Scott
85,tt0116151,Ken Kwapis
86,tt0115697,Penelope Spheeris
87,tt0113972,John Badham
88,tt0117002,Stephen Frears
89,tt0114825,Wes Craven
90,tt0115639,Ted Demme
91,tt0115759,John Woo
92,tt0113403,Kenneth Branagh
93,tt0113247,Mathieu Kassovitz
94,tt0113283,Nick Broomfield
95,tt0115907,Harold Becker
96,tt0115734,Wes Anderson
97,tt0117102,Nick Castle
98,tt0118040,John Dahl
99,tt0116483,Dennis Dugan
100,tt0112579,Clint Eastwood
101,tt0110251,Doris Dörrie
102,tt0117110,Brian Henson
103,tt0117110,David Lane
104,tt0112646,Robert Leacock
105,tt0112573,Mel Gibson
106,tt0075314,Martin Scorsese
107,tt0113326,Stanley Tong
108,tt0115645,Barbet Schroeder
109,tt0112373,Jon Blair
110,tt0115033,Benjamin Ross
111,tt0116606,Eric Schaeffer
112,tt0114536,Andrew Davis
113,tt0106473,John N. Smith
114,tt0103859,Reginald Hudlin
115,tt0109424,Kar-Wai Wong
116,tt0116324,David O. Russell
117,tt0110647,Peter MacDonald
118,tt0114131,Bryan Gordon
119,tt0113451,William Friedkin
120,tt0116130,David S. Ward
121,tt0113756,Dirk Shafer
122,tt0118055,Jon Avnet
123,tt0115685,Mike Nichols
124,tt0112585,Edward Burns
125,tt0112442,Michael Bay
126,tt0112342,Christopher Cain
127,tt0112461,Scott Kalvert
128,tt0112427,Mike Newell
129,tt0109093,Hal Hartley
130,tt0112384,Ron Howard
131,tt0114287,Michael Caton-Jones
132,tt0112288,Abel Ferrara
133,tt0112462,Joel Schumacher
134,tt0061395,Luis Buñuel
135,tt0112495,John Boorman
136,tt0112541,Paul Auster
137,tt0112541,Wayne Wang
138,tt0112541,Harvey Wang
139,tt0109370,Michael Moore
140,tt0112642,Brad Silberling
141,tt0112688,Spike Lee
142,tt0112715,Frank Marshall
143,tt0112740,Tony Scott
144,tt0109508,Terry Zwigoff
145,tt0112851,Robert Rodriguez
146,tt0112857,Carl Franklin
147,tt0112864,John McTiernan
148,tt0112887,Gregg Araki
149,tt0113071,Jerry Zucker
150,tt0113114,Dwight H. Little
151,tt0113243,Iain Softley
152,tt0113464,Christopher Ashley
153,tt0113481,Robert Longo
154,tt0113492,Danny Cannon
155,tt0113500,John Fortenberry
156,tt0113540,Larry Clark
157,tt0113677,Tom DiCillo
158,tt0113690,Clive Barker
159,tt0107447,Denys Arcand
160,tt0113729,Antonia Bird
161,tt0113749,Kevin Smith
162,tt0113820,Bryan Spicer
163,tt0110604,Anthony Waller
164,tt0110620,Michael Almereyda
165,tt0113957,Irwin Winkler
166,tt0113986,Chris Columbus
167,tt0114095,Daisy von Scherler Mayer
168,tt0114194,Gregory Widen
169,tt0114241,Norman René
170,tt0114323,Todd Haynes
171,tt0114345,Roland Joffé
172,tt0114436,Paul Verhoeven
173,tt0114478,Wayne Wang
174,tt0114496,Lasse Hallström
175,tt0114508,Roger Donaldson
176,tt0114558,Kathryn Bigelow
177,tt0058450,Jacques Demy
178,tt0114663,Martha Coolidge
179,tt0114702,Agnieszka Holland
180,tt0114682,Beeban Kidron
181,tt0114781,Geoff Murphy
182,tt0114798,Diane Keaton
183,tt0114805,Douglas Keeve
184,tt0114887,Alfonso Arau
185,tt0114898,Kevin Reynolds
186,tt0114928,Desmond Nakano
187,tt0114938,Walter Hill
188,tt0109340,Mike Figgis
189,tt0112602,Greg Beeman
190,tt0111579,Nikita Mikhalkov
191,tt0110882,Milcho Manchevski
192,tt0112471,Richard Linklater
193,tt0112508,Tamra Davis
194,tt0112571,Herbert Ross
195,tt0112757,Peter Horton
196,tt0112643,Stuart Gordon
197,tt0112679,Pat O'Connor
198,tt0109445,Kevin Smith
199,tt0112883,Jeremy Leven
200,tt0109635,Barry Levinson
201,tt0109676,John Badham
202,tt0112854,Jack Baran
203,tt0109579,Roman Polanski
204,tt0109642,Taylor Hackford
205,tt0109686,Peter Farrelly
206,tt0109686,Bobby Farrelly
207,tt0111797,Ang Lee
208,tt0109759,Atom Egoyan
209,tt0109758,Garry Marshall
210,tt0109707,Tim Burton
211,tt0113117,Lawrence Kasdan
212,tt0113097,Billy Crystal
213,tt0113028,Phillip Borsos
214,tt0113198,Kevin Lima
215,tt0113303,Brett Leonard
216,tt0113089,Carlo Carlei
217,tt0109771,Gérard Corbiau
218,tt0113199,Mark Lewis
219,tt0110057,Steve James
220,tt0110005,Peter Jackson
221,tt0110066,Randall Miller
222,tt0110116,Bernard Rose
223,tt0110006,Steven Brill
224,tt0113360,J.F. Lawton
225,tt0110099,Fred Schepisi
226,tt0110148,Neil Jordan
227,tt0113463,James Ivory
228,tt0110189,James Melkonian
229,tt0110216,Ivan Reitman
230,tt0113501,Arne Glimcher
231,tt0113538,Michael Gottlieb
232,tt0113552,Barbet Schroeder
233,tt0076759,George Lucas
234,tt0110367,Gillian Armstrong
235,tt0113670,Alfonso Cuarón
236,tt0110296,Ken Loach
237,tt0103994,Alfonso Arau
238,tt0110322,Edward Zwick
239,tt0110443,Nick Castle
240,tt0107566,Allison Anders
241,tt0110391,Glenn Gordon Caron
242,tt0113691,Stephen Gyllenhaal
243,tt0110428,Nicholas Hytner
244,tt0109836,Kenneth Branagh
245,tt0113755,James Orr
246,tt0110538,Nora Ephron
247,tt0110516,Richard Benjamin
248,tt0110527,Les Mayfield
249,tt0113808,David Frankel
250,tt0113896,Gregory Nava
251,tt0113870,Marc Rocco
252,tt0110684,Robert Benton
253,tt0110638,Michael Apted
254,tt0113967,Nick Gomez
255,tt0117169,Tôru Murakawa
256,tt0106402,Vadim Jean
257,tt0110671,Alan Jacobs
258,tt0110632,Oliver Stone
259,tt0110737,Norman Jewison
260,tt0110729,Lee Tamahori
261,tt0114151,Anne Goursaud
262,tt0114069,Wolfgang Petersen
263,tt0110413,Luc Besson
264,tt0114113,Mira Nair
265,tt0114210,Joshua Brand
266,tt0110912,Quentin Tarantino
267,tt0105652,Ang Lee
268,tt0110889,Antonia Bird
269,tt0110932,Robert Redford
270,tt0114129,Kayo Hatta
271,tt0110963,Patrice Chéreau
272,tt0114214,Sam Raimi
273,tt0114296,Peter Yates
274,tt0110907,Robert Altman
275,tt0111495,Krzysztof Kieslowski
276,tt0108394,Krzysztof Kieslowski
277,tt0111507,Krzysztof Kieslowski
278,tt0114268,Fred Gerber
279,tt0110965,George Mihalka
280,tt0114571,Harold Ramis
281,tt0111333,Richard Rich
282,tt0111112,John Sayles
283,tt0111255,Luis Llosa
284,tt0111282,Roland Emmerich
285,tt0111070,John Pasquin
286,tt0111161,Frank Darabont
287,tt0111149,Danny Boyle
288,tt0108260,Scott McGehee
289,tt0108260,David Siegel
290,tt0106966,Tomás Gutiérrez Alea
291,tt0106966,Juan Carlos Tabío
292,tt0114594,George Huang
293,tt0111309,Geoff Burton
294,tt0111309,Kevin Dowling
295,tt0113936,Kelly Makin
296,tt0110081,Yimou Zhang
297,tt0114614,Rachel Talalay
298,tt0114608,Ernest R. Dickerson
299,tt0111280,David Carson
300,tt0114609,Rusty Cundieff
301,tt0111454,Brian Gilbert
302,tt0114852,John Carpenter
303,tt0114694,Peter Segal
304,tt0111590,Louis Malle
305,tt0114788,Steven Soderbergh
306,tt0114888,Preston A. Whitmore II
307,tt0108550,Lasse Hallström
308,tt0114857,Brett Leonard
309,tt0114924,Jon Turteltaub
310,tt0111667,Jon Avnet
311,tt0109655,Mina Shum
312,tt0110598,P.J. Hogan
313,tt0112435,Melanie Mayron
314,tt0109040,Tom Shadyac
315,tt0109045,Stephan Elliott
316,tt0106339,Iain Softley
317,tt0104779,Roman Polanski
318,tt0109348,Woody Allen
319,tt0109444,Phillip Noyce
320,tt0109446,Joel Schumacher
321,tt0109484,Jessie Nelson
322,tt0109504,Spike Lee
323,tt0109506,Alex Proyas
324,tt0109450,Ron Shelton
325,tt0109813,Brian Levant
326,tt0109830,Robert Zemeckis
327,tt0109831,Mike Newell
328,tt0113305,John Singleton
329,tt0110091,Darnell Martin
330,tt0110093,Charles Shyer
331,tt0110167,Andrew Bergman
332,tt0110213,Stephen Sommers
333,tt0107472,Ray Müller
334,tt0107472,Ray Müller
335,tt0110357,Roger Allers
336,tt0110357,Rob Minkoff
337,tt0107426,Bernardo Bertolucci
338,tt0111686,Wes Craven
339,tt0110475,Chuck Russell
340,tt0110478,Richard Donner
341,tt0110588,Alan Rudolph
342,tt0110622,Peter Segal
343,tt0110771,Ron Howard
344,tt0110950,Ben Stiller
345,tt0105226,John Dahl
346,tt0110989,Donald Petrie
347,tt0110997,Curtis Hanson
348,tt0111257,Jan de Bont
349,tt0111256,Ron Underwood
350,tt0111438,Peter Hyams
351,tt0111503,James Cameron
352,tt0111693,Luis Mandoki
353,tt0111742,Mike Nichols
354,tt0111756,Lawrence Kasdan
355,tt0112443,Damian Harris
356,tt0110455,Suri Krishnamma
357,tt0111048,Jefery Levy
358,tt0110399,Keenen Ivory Wayans
359,tt0112570,Robert Lee King
360,tt0112570,Raoul O'Connell
361,tt0112570,Brian Sloan
362,tt0109454,Yves Angelo
363,tt0059170,Russ Meyer
364,tt0110186,Doug McHenry
365,tt0111301,Steven E. de Souza
366,tt0110027,Andrew Morahan
367,tt0109785,Michael Corrente
368,tt0113409,John Carpenter
369,tt0109021,John G. Avildsen
370,tt0109035,Jeff Pollack
371,tt0106220,Barry Sonnenfeld
372,tt0106226,Martin Scorsese
373,tt0109068,Michael Lehmann
374,tt0109067,Paul Michael Glaser
375,tt0106292,John Badham
376,tt0109198,Jonathan Kaplan
377,tt0109219,Whit Stillman
378,tt0106379,Bill Forsyth
379,tt0106400,Penelope Spheeris
380,tt0109254,John Landis
381,tt0109279,Caroline Thompson
382,tt0109297,Michael Apted
383,tt0109303,Stephen Hopkins
384,tt0109305,William Friedkin
385,tt0109306,Tony Richardson
386,tt0106452,Abel Ferrara
387,tt0106471,Jennifer Lynch
388,tt0106489,Robert De Niro
389,tt0109361,Adam Resnick
390,tt0106505,John Whitesell
391,tt0106519,Brian De Palma
392,tt0109439,Paul Weiland
393,tt0109443,Mick Jackson
394,tt0106582,Renny Harlin
395,tt0106598,Steve Barron
396,tt0109456,Richard Rush
397,tt0109480,Michael Ritchie
398,tt0109493,Gregg Champion
399,tt0106673,Ivan Reitman
400,tt0106677,Richard Linklater
401,tt0106697,Marco Brambilla
402,tt0106834,Gus Van Sant
403,tt0106873,Carl Reiner
404,tt0106332,Kaige Chen
405,tt0106881,Peter Weir
406,tt0106880,Rusty Cundieff
407,tt0111732,Alek Keshishian
408,tt0106926,Steve Kloves
409,tt0111712,John Irvin
410,tt0106941,Barry Sonnenfeld
411,tt0106918,Sydney Pollack
412,tt0106965,Simon Wincer
413,tt0109842,Boaz Yakin
414,tt0106977,Andrew Davis
415,tt0107004,Walter Hill
416,tt0109890,Roger Donaldson
417,tt0109891,Howard Deutch
418,tt0109913,Rose Troche
419,tt0107076,John Woo
420,tt0107144,Jim Abrahams
421,tt0113674,Julianna Lavin
422,tt0112966,Christopher Monger
423,tt0107151,Bille August
424,tt0110064,Eric Meza
425,tt0110074,Joel Coen
426,tt0110074,Ethan Coen
427,tt0110123,Daniel Petrie Jr.
428,tt0107206,Wolfgang Petersen
429,tt0107207,Jim Sheridan
430,tt0110137,Matty Rich
431,tt0108551,Brian Gibson
432,tt0110197,Barry Levinson
433,tt0107286,Stephen Hopkins
434,tt0107290,Steven Spielberg
435,tt0107302,Dominic Sena
436,tt0110265,Roger Avary
437,tt0110305,Daniel Petrie
438,tt0107362,John McTiernan
439,tt0107413,James Lapine
440,tt0110353,Simon Wincer
441,tt0107468,David Cronenberg
442,tt0107478,Richard Benjamin
443,tt0107497,Harold Becker
444,tt0107501,Mel Gibson
445,tt0107507,Woody Allen
446,tt0107554,Albert Hughes
447,tt0107554,Allen Hughes
448,tt0116253,Stuart Baird
449,tt0074102,Nagisa Ôshima
450,tt0111689,Tom Noonan
451,tt0107616,Kenneth Branagh
452,tt0107613,Anthony Minghella
453,tt0107614,Chris Columbus
454,tt0107653,Mike Leigh
455,tt0110657,Christopher Cain
456,tt0110678,Martin Campbell
457,tt0110687,Rob Reiner
458,tt0107756,Sally Potter
459,tt0107808,Clint Eastwood
460,tt0107818,Jonathan Demme
461,tt0107822,Jane Campion
462,tt0107840,John Singleton
463,tt0107889,David S. Ward
464,tt0111003,Stuart Orme
465,tt0110939,Mel Smith
466,tt0110955,Ted Demme
467,tt0107943,James Ivory
468,tt0110971,Penny Marshall
469,tt0107969,Philip Kaufman
470,tt0111001,Alan Parker
471,tt0107978,Fred Dekker
472,tt0107977,Mel Brooks
473,tt0107983,Peter Medak
474,tt0105275,Geoffrey Wright
475,tt0108000,Victor Nunez
476,tt0108002,David Anspaugh
477,tt0105032,Cyril Collard
478,tt0108052,Steven Spielberg
479,tt0111094,Michael Ritchie
480,tt0108065,Steven Zaillian
481,tt0108071,Agnieszka Holland
482,tt0111127,John Waters
483,tt0111143,Russell Mulcahy
484,tt0108101,Richard Attenborough
485,tt0108122,Robert Altman
486,tt0111194,Gillies MacKinnon
487,tt0111201,John Duigan
488,tt0108149,Fred Schepisi
489,tt0108160,Nora Ephron
490,tt0108162,Phillip Noyce
491,tt0083658,Ridley Scott
492,tt0108186,Steve Rash
493,tt0108174,Thomas Schlamme
494,tt0108238,Rowdy Herrington
495,tt0108255,Annabel Jankel
496,tt0108255,Rocky Morton
497,tt0111323,Ernest R. Dickerson
498,tt0111400,Deran Sarafian
499,tt0108328,François Girard
500,tt0111418,Andrew Fleming
501,tt0107688,Henry Selick
502,tt0108333,Stephen Herek
503,tt0108358,George P. Cosmatos
504,tt0108358,Kevin Jarre
505,tt0108399,Tony Scott
506,tt0108515,Chris Hegedus
507,tt0108515,D.A. Pennebaker
508,tt0110763,Pixote Hunt
509,tt0110763,Joe Johnston
510,tt0114906,Todd Solondz
511,tt0107002,Claude Berri
512,tt0109403,Dennis Hopper
513,tt0107315,Pedro Almodóvar
514,tt0106408,Gurinder Chadha
515,tt0110363,Andrew Scheinman
516,tt0107225,Lina Wertmüller
517,tt0111252,David O. Russell
518,tt0109120,George Miller
519,tt0108059,Ricky Tognazzi
520,tt0110892,Michael Austin
521,tt0112651,Rob Epstein
522,tt0112651,Jeffrey Friedman
523,tt0109382,Nanni Moretti
524,tt0112572,Betty Thomas
525,tt0099785,Chris Columbus
526,tt0099653,Jerry Zucker
527,tt0103639,Ron Clements
528,tt0103639,John Musker
529,tt0103064,James Cameron
530,tt0099348,Kevin Costner
531,tt0096895,Tim Burton
532,tt0102926,Jonathan Demme
533,tt0029583,William Cottrell
534,tt0029583,David Hand
535,tt0029583,Wilfred Jackson
536,tt0029583,Larry Morey
537,tt0029583,Perce Pearce
538,tt0029583,Ben Sharpsteen
539,tt0101414,Gary Trousdale
540,tt0101414,Kirk Wise
541,tt0032910,Norman Ferguson
542,tt0032910,T. Hee
543,tt0032910,Wilfred Jackson
544,tt0032910,Jack Kinney
545,tt0032910,Hamilton Luske
546,tt0032910,Bill Roberts
547,tt0032910,Ben Sharpsteen
548,tt0100405,Garry Marshall
549,tt0065214,Sam Peckinpah
550,tt0110395,C.M. Talkington
551,tt0109934,Jean Bach
552,tt0117247,Michael Hoffman
553,tt0112625,Bill Condon
554,tt0116282,Joel Coen
555,tt0116282,Ethan Coen
556,tt0116552,David R. Ellis
557,tt0082509,Gerald Potterton
558,tt0082509,John Bruno
559,tt0082509,John Halas
560,tt0082509,Julian Harris
561,tt0082509,Jimmy T. Murakami
562,tt0082509,Barrie Nelson
563,tt0082509,Paul Sabella
564,tt0082509,Jack Stokes
565,tt0082509,Pino Van Lamsweerde
566,tt0082509,Harold Whitaker
567,tt0116514,Kevin Yagher
568,tt0117283,Matt Reeves
569,tt0116684,Franco Zeffirelli
570,tt0070506,Franco Brusati
571,tt0065421,Wolfgang Reitherman
572,tt0113083,Pedro Almodóvar
573,tt0118001,Fernando Trueba
574,tt0116165,Bill Couturié
575,tt0117891,Martin Lawrence
576,tt0113613,Stacy Title
577,tt0117381,Gregory Hoblit
578,tt0115509,Larry Leker
579,tt0115509,Paul Sabella
580,tt0114671,Ken Loach
581,tt0112844,Hal Salwen
582,tt0114658,Jonathan R. Betuel
583,tt0116275,Richard Pearce
584,tt0113122,Todd Verow
585,tt0117608,Jonathan Lynn
586,tt0113448,Tim Sullivan
587,tt0116414,Spike Lee
588,tt0116095,Jeremiah S. Chechik
589,tt0113947,Claude Sautet
590,tt0115956,Edward Zwick
591,tt0117060,Brian De Palma
592,tt0109028,Friðrik Þór Friðriksson
593,tt0117071,Pen Densham
594,tt0116136,Rob Cohen
595,tt0116168,Steve Rash
596,tt0116683,Henry Selick
597,tt0116287,James Foley
598,tt0116768,Kelly Makin
599,tt0114787,Emir Kusturica
600,tt0112536,Alan Mehrez
601,tt0112536,Philip Tan
602,tt0048473,Satyajit Ray
603,tt0052572,Satyajit Ray
604,tt0117128,Jim Mallon
605,tt0117705,Joe Pytka
606,tt0062711,Roger Vadim
607,tt0108181,George Hickenlooper
608,tt0114307,Peter Yates
609,tt0058898,Jean-Luc Godard
610,tt0113443,Randal Kleiser
611,tt0114048,Simon Wincer
612,tt0117104,Richard Benjamin
613,tt0117688,Norberto Barba
614,tt0117774,Robert Mandel
615,tt0114736,Pat Verducci
616,tt0116289,Steven Baigelman
617,tt0109593,Zalman King
618,tt0112368,Patrick Read Johnson
619,tt0115742,Stacy Cochran
620,tt0117420,Jean-Claude Van Damme
621,tt0117784,Steve Gomer
622,tt0117107,Lee Tamahori
623,tt0117979,Michael Lehmann
624,tt0095776,George Scribner
625,tt0115851,Tom DeCerchio
626,tt0116322,Alan Shapiro
627,tt0116322,Shelly Hatton
628,tt0112817,Jim Jarmusch
629,tt0113362,Jean-Paul Rappeneau
630,tt0108500,Jean-Marie Poiré
631,tt0117108,Harold Ramis
632,tt0118114,Nick Park
633,tt0113270,Brett Thompson
634,tt0115963,Andrew Fleming
635,tt0116448,Reginald Hudlin
636,tt0116827,Bruce Beresford
637,tt0112701,John Schlesinger
638,tt0116508,Phil Joanou
639,tt0117500,Michael Bay
640,tt0109592,Michele Soavi
641,tt0117998,Jan de Bont
642,tt0115624,David Hogan
643,tt0113568,Mamoru Oshii
644,tt0117894,Tom Holland
645,tt0117723,Rick Friedberg
646,tt0112691,Nick Park
647,tt0117768,John Landis
648,tt0115571,David Twohy
649,tt0057012,Stanley Kubrick
650,tt0109688,Kar-Wai Wong
651,tt0110480,Freida Lee Mock
652,tt0108211,Joseph Vilsmaier
653,tt0117331,Simon Wincer
654,tt0117765,Andrew Bergman
655,tt0113280,James Mangold
656,tt0116669,Francis Ford Coppola
657,tt0116594,Mary Harron
658,tt0070820,Djibril Diop Mambéty
659,tt0063715,Federico Fellini
660,tt0063715,Louis Malle
661,tt0063715,Roger Vadim
662,tt0117951,Danny Boyle
663,tt0118523,Scott Winant
664,tt0116629,Roland Emmerich
665,tt0117737,Bernardo Bertolucci
666,tt0116277,Tony Scott
667,tt0116583,Gary Trousdale
668,tt0116583,Kirk Wise
669,tt0115798,Ben Stiller
670,tt0116778,Bobby Farrelly
671,tt0116778,Peter Farrelly
672,tt0116213,Chuck Russell
673,tt0117218,Tom Shadyac
674,tt0111546,Lucian Pintilie
675,tt0113610,Yale Strom
676,tt0111237,Alexandre Rockwell
677,tt0116040,Rob Cohen
678,tt0116365,Peter Jackson
679,tt0116905,John Sayles
680,tt0116493,Bronwen Hughes
681,tt0117333,Jon Turteltaub
682,tt0118113,Nicole Holofcener
683,tt0117628,Edward Burns
684,tt0117913,Joel Schumacher
685,tt0115530,Michael Corrente
686,tt0115493,Fraser C. Heston
687,tt0116320,Kevin Hooks
688,tt0116756,Paul Michael Glaser
689,tt0116823,Howard Franklin
690,tt0118073,Arlene Sanford
691,tt0061495,Éric Rohmer
692,tt0110246,Peter Sehr
693,tt0115472,Steve Barron
694,tt0116707,John Payson
695,tt0116313,Hugh Wilson
696,tt0117438,Ron Howard
697,tt0116531,Hart Bochner
698,tt0116353,Annette Haywood-Carter
699,tt0115857,Andrew Davis
700,tt0117008,Danny DeVito
701,tt0116191,Douglas McGrath
702,tt0115986,Tim Pope
703,tt0116571,Harry Winer
704,tt0053459,Georges Franju
705,tt0117826,Gilbert Adler
706,tt0117718,Lee David Zlotoff
707,tt0116225,John Carpenter
708,tt0115632,Julian Schnabel
709,tt0117918,Ron Shelton
710,tt0068646,Francis Ford Coppola
711,tt0104558,Stanley Tong
712,tt0115736,Lana Wachowski
713,tt0115736,Lilly Wachowski
714,tt0115836,Arthur Hiller
715,tt0116745,Robert Altman
716,tt0119214,Christopher Cain
717,tt0110693,Izidore K. Musallam
718,tt0106544,Stanley Tong
719,tt0120004,Peter Hyams
720,tt0116654,John Frankenheimer
721,tt0116654,Richard Stanley
722,tt0116311,David Mickey Evans
723,tt0117965,David Koepp
724,tt0115725,Norman Jewison
725,tt0115783,Ernest R. Dickerson
726,tt0113596,Roy Allen Smith
727,tt0109001,Theo van Gogh
728,tt0113253,Joe Chappelle
729,tt0117991,Trevor Nunn
730,tt0117093,Keith Gordon
731,tt0111019,André Téchiné
732,tt0035896,Sam Wood
733,tt0032904,George Cukor
734,tt0045152,Stanley Donen
735,tt0045152,Gene Kelly
736,tt0043278,Vincente Minnelli
737,tt0050419,Stanley Donen
738,tt0054698,Blake Edwards
739,tt0052357,Alfred Hitchcock
740,tt0047396,Alfred Hitchcock
741,tt0025316,Frank Capra
742,tt0036855,George Cukor
743,tt0025164,Mark Sandrich
744,tt0053125,Alfred Hitchcock
745,tt0053604,Billy Wilder
746,tt0053291,Billy Wilder
747,tt0056923,Stanley Donen
748,tt0034583,Michael Curtiz
749,tt0033870,John Huston
750,tt0058385,George Cukor
751,tt0047437,Billy Wilder
752,tt0046250,William Wyler
753,tt0031580,Walter Lang
754,tt0031580,William A. Seiter
755,tt0037059,Vincente Minnelli
756,tt0032138,Victor Fleming
757,tt0032138,George Cukor
758,tt0032138,Mervyn LeRoy
759,tt0032138,Norman Taurog
760,tt0032138,Richard Thorpe
761,tt0032138,King Vidor
762,tt0031381,Victor Fleming
763,tt0031381,George Cukor
764,tt0031381,Sam Wood
765,tt0084370,Richard Benjamin
766,tt0043014,Billy Wilder
767,tt0033467,Orson Welles
768,tt0062622,Stanley Kubrick
769,tt0042192,Joseph L. Mankiewicz
770,tt0032143,George Cukor
771,tt0032976,Alfred Hitchcock
772,tt0032484,Alfred Hitchcock
773,tt0038787,Alfred Hitchcock
774,tt0038109,Alfred Hitchcock
775,tt0050105,Leo McCarey
776,tt0048728,Alfred Hitchcock
777,tt0042451,Vincente Minnelli
778,tt0045537,Vincente Minnelli
779,tt0031725,Ernst Lubitsch
780,tt0050658,Billy Wilder
781,tt0051658,Vincente Minnelli
782,tt0051658,Charles Walters
783,tt0029843,Michael Curtiz
784,tt0029843,William Keighley
785,tt0032762,Rouben Mamoulian
786,tt0037008,Otto Preminger
787,tt0039420,Joseph L. Mankiewicz
788,tt0029162,Frank Capra
789,tt0027125,Mark Sandrich
790,tt0035446,Ernst Lubitsch
791,tt0028010,Gregory La Cava
792,tt0049261,George Stevens
793,tt0048028,Elia Kazan
794,tt0025878,W.S. Van Dyke
795,tt0032599,Howard Hawks
796,tt0048960,Michael Anderson
797,tt0048960,John Farrow
798,tt0038650,Frank Capra
799,tt0031679,Frank Capra
800,tt0029947,Howard Hawks
801,tt0034012,George Stevens
802,tt0025586,John Cromwell
803,tt0027893,John Cromwell
804,tt0041509,Henry Koster
805,tt0026029,Alfred Hitchcock
806,tt0114007,Thaddeus O'Sullivan
807,tt0118927,Darrell Roodt
808,tt0117357,Richard Schenkman
809,tt0116329,Carroll Ballard
810,tt0118742,Lance Young
811,tt0116442,Allison Anders
812,tt0117011,Ringo Lam
813,tt0117039,Neil Jordan
814,tt0116635,Matthew Broderick
815,tt0115678,Campbell Scott
816,tt0115678,Stanley Tucci
817,tt0116830,Walter Hill
818,tt0117603,F. Gary Gray
819,tt0115438,John Herzfeld
820,tt0116259,Michael Apted
821,tt0116421,John Gray
822,tt0116000,Robert Lieberman
823,tt0115862,James Foley
824,tt0107131,Duwayne Dunham
825,tt0106611,Jon Turteltaub
826,tt0109127,William Dear
827,tt0102798,Kevin Reynolds
828,tt0116361,Matthew Bright
829,tt0104692,Brett Leonard
830,tt0117582,Christopher Hampton
831,tt0117589,Mike Leigh
832,tt0117887,Tom Hanks
833,tt0117924,Michael Pressman
834,tt0115640,Hettie Macdonald
835,tt0116908,Renny Harlin
836,tt0116409,Stephen Hopkins
837,tt0116913,Al Pacino
838,tt0117958,Steve Buscemi
839,tt0117202,John McNaughton
840,tt0116404,Spike Lee
841,tt0120107,George P. Cosmatos
842,tt0116722,Michael Winterbottom
843,tt0116242,Woody Allen
844,tt0117509,Baz Luhrmann
845,tt0117802,Doug Liman
846,tt0117665,Barry Levinson
847,tt0115491,Tad Stones
848,tt0105236,Quentin Tarantino
849,tt0103772,Paul Verhoeven
850,tt0101761,Oliver Stone
851,tt0104036,Neil Jordan
852,tt0104348,James Foley
853,tt0115885,Greg Spence
854,tt0102336,Erik Burke
855,tt0117040,Claude Nuridsany
856,tt0117040,Marie Pérennou
857,tt0117284,Alan Taylor
858,tt0116378,Abel Ferrara
859,tt0113057,Benoît Jacquot
860,tt0116581,Jaco Van Dormael
861,tt0112907,Peter Cohn
862,tt0117318,Milos Forman
863,tt0116422,Rich Wilkes
864,tt0117320,R.J. Cutler
865,tt0117320,David Van Taylor
866,tt0101775,Ate de Jong
867,tt0116587,Rick Castro
868,tt0116587,Bruce La Bruce
869,tt0116212,Michael Ray Rhodes
870,tt0116886,Susan Warms Dryfoos
871,tt0118147,Leon Gast
872,tt0108598,Nick Park
873,tt0109781,Jan Svankmajer
874,tt0110521,Martine Dugowson
875,tt0116059,Garry Marshall
876,tt0112483,Phillip Rhee
877,tt0103850,Tim Robbins
878,tt0101700,Marc Caro
879,tt0101700,Jean-Pierre Jeunet
880,tt0101765,Krzysztof Kieslowski
881,tt0101811,Mike Newell
882,tt0102014,Peter Chelsom
883,tt0116209,Anthony Minghella
884,tt0102426,Gabriele Salvatores
885,tt0105107,John Sayles
886,tt0105488,Baz Luhrmann
887,tt0101026,Pedro Almodóvar
888,tt0102370,Alek Keshishian
889,tt0100332,Jennie Livingston
890,tt0082971,Steven Spielberg
891,tt0088846,Terry Gilliam
892,tt0090605,James Cameron
893,tt0060196,Sergio Leone
894,tt0094336,Bruce Robinson
895,tt0050083,Sidney Lumet
896,tt0056172,David Lean
897,tt0066921,Stanley Kubrick
898,tt0056592,Robert Mulligan
899,tt0078788,Francis Ford Coppola
900,tt0064116,Sergio Leone
901,tt0086190,Richard Marquand
902,tt0093191,Wim Wenders
903,tt0041959,Carol Reed
904,tt0099685,Martin Scorsese
905,tt0078748,Ridley Scott
906,tt0106308,Sam Raimi
907,tt0095250,Luc Besson
908,tt0089881,Akira Kurosawa
909,tt0097202,John Woo
910,tt0054215,Alfred Hitchcock
911,tt0080455,John Landis
912,tt0071562,Francis Ford Coppola
913,tt0093058,Stanley Kubrick
914,tt0104361,Nick Park
915,tt0097499,Kenneth Branagh
916,tt0086879,Milos Forman
917,tt0045061,John Ford
918,tt0087843,Sergio Leone
919,tt0081398,Martin Scorsese
920,tt0075686,Woody Allen
921,tt0086197,Philip Kaufman
922,tt0079944,Andrei Tarkovsky
923,tt0082096,Wolfgang Petersen
924,tt0070735,George Roy Hill
925,tt0067185,Hal Ashby
926,tt0103130,Hal Hartley
927,tt0050976,Ingmar Bergman
928,tt0085859,Bill Forsyth
929,tt0088247,James Cameron
930,tt0103873,Peter Jackson
931,tt0097441,Edward Zwick
932,tt0100519,Tom Stoppard
933,tt0079522,Woody Allen
934,tt0100150,Joel Coen
935,tt0100150,Ethan Coen
936,tt0097165,Peter Weir
937,tt0061722,Mike Nichols
938,tt0052311,Orson Welles
939,tt0100263,Luc Besson
940,tt0050212,David Lean
941,tt0056801,Federico Fellini
942,tt0071315,Roman Polanski
943,tt0043456,Robert Wise
944,tt0040897,John Huston
945,tt0092610,Peter Jackson
946,tt0023969,Leo McCarey
947,tt0088794,Savage Steve Holland
948,tt0081505,Stanley Kubrick
949,tt0092005,Rob Reiner
950,tt0022100,Fritz Lang
951,tt0092991,Sam Raimi
952,tt0057115,John Sturges
953,tt0077416,Michael Cimino
954,tt0082269,Jean-Jacques Beineix
955,tt0107048,Harold Ramis
956,tt0105695,Clint Eastwood
957,tt0056218,John Frankenheimer
958,tt0100436,Allan Moyle
959,tt0036613,Frank Capra
960,tt0088763,Robert Zemeckis
961,tt0101921,Jon Avnet
962,tt0066206,Franklin J. Schaffner
963,tt0090967,Jim Jarmusch
964,tt0094625,Katsuhiro Ôtomo
965,tt0091203,Russell Mulcahy
966,tt0061512,Stuart Rosenberg
967,tt0099334,Jean-Paul Rappeneau
968,tt0072431,Mel Brooks
969,tt0102536,Jim Jarmusch
970,tt0101640,Yimou Zhang
971,tt0032553,Charles Chaplin
972,tt0032455,James Algar
973,tt0032455,Samuel Armstrong
974,tt0032455,Ford Beebe Jr.
975,tt0032455,Norman Ferguson
976,tt0032455,David Hand
977,tt0032455,Jim Handley
978,tt0032455,T. Hee
979,tt0032455,Wilfred Jackson
980,tt0032455,Hamilton Luske
981,tt0032455,Bill Roberts
982,tt0032455,Paul Satterfield
983,tt0032455,Ben Sharpsteen
984,tt0044706,Fred Zinnemann
985,tt0038355,Howard Hawks
986,tt0097493,Michael Lehmann
987,tt0081534,Jeannot Szwarc
988,tt0052618,William Wyler
989,tt0088258,Rob Reiner
990,tt0085809,Godfrey Reggio
991,tt0094006,Howard Deutch
992,tt0097576,Steven Spielberg
993,tt0078841,Hal Ashby
994,tt0083987,Richard Attenborough
995,tt0096332,Philip Kaufman
996,tt0091867,James Ivory
997,tt0089886,Martha Coolidge
998,tt0084503,Alan Parker
999,tt0087553,Roland Joffé
1000,tt0089606,Lasse Hallström
1001,tt0049223,Fred M. Wilcox
1002,tt0097351,Phil Alden Robinson
1003,tt0073341,John Huston
1004,tt0064115,George Roy Hill
1005,tt0087884,Wim Wenders
1006,tt0101458,Wim Wenders
1007,tt0098635,Rob Reiner
1008,tt0116589,Doug Pray
1009,tt0116293,Susan Streitfeld
1010,tt0112537,Carl Prechezer
1011,tt0103644,David Fincher
1012,tt0082010,John Landis
1013,tt0103678,Tony Randel
1014,tt0085159,Richard Fleischer
1015,tt0115535,Steve White
1016,tt0106262,John Murlowski
1017,tt0083550,Damiano Damiani
1018,tt0078767,Stuart Rosenberg
1019,tt0099030,Tom Berry
1020,tt0071233,Paul Morrissey
1021,tt0090655,Fred Walton
1022,tt0075704,Robert Wise
1023,tt0092632,John Schlesinger
1024,tt0056869,Alfred Hitchcock
1025,tt0051418,Irvin S. Yeaworth Jr.
1026,tt0051418,Russell S. Doughten Jr.
1027,tt0082083,Jeffrey Bloom
1028,tt0101492,Eric Red
1029,tt0037549,Robert Wise
1030,tt0103874,Francis Ford Coppola
1031,tt0026138,James Whale
1032,tt0074258,Dan Curtis
1033,tt0103919,Bernard Rose
1034,tt0101540,Martin Scorsese
1035,tt0055824,J. Lee Thompson
1036,tt0074285,Brian De Palma
1037,tt0083722,Paul Schrader
1038,tt0087800,Wes Craven
1039,tt0013442,F.W. Murnau
1040,tt0091651,Augusto Caminito
1041,tt0091651,Klaus Kinski
1042,tt0091651,Maurizio Lucidi
1043,tt0091651,Luigi Cozzi(co-director)
1044,tt0075005,Richard Donner
1045,tt0115710,Bob Rafelson
1046,tt0115495,Kevin Spacey
1047,tt0117057,Barbra Streisand
1048,tt0115751,Lars von Trier
1049,tt0119791,Ole Bornedal
1050,tt0117731,Jonathan Frakes
1051,tt0117631,Scott Hicks
1052,tt0117666,Billy Bob Thornton
1053,tt0116705,Brian Levant
1054,tt0117293,Joe Berlinger
1055,tt0117293,Bruce Sinofsky
1056,tt0117372,Penny Marshall
1057,tt0117477,Patrice Leconte
1058,tt0115988,Nicholas Hytner
1059,tt0115433,Stephen Herek
1060,tt0099423,Renny Harlin
1061,tt0079945,Robert Wise
1062,tt0102975,Nicholas Meyer
1063,tt0098382,William Shatner
1064,tt0084726,Nicholas Meyer
1065,tt0088170,Leonard Nimoy
1066,tt0092007,Leonard Nimoy
1067,tt0103776,Tim Burton
1068,tt0096487,Christopher Cain
1069,tt0100994,Geoff Murphy
1070,tt0077631,Randal Kleiser
1071,tt0084021,Patricia Birch
1072,tt0100114,Dwight H. Little
1073,tt0105690,Andrew Davis
1074,tt0073195,Steven Spielberg
1075,tt0077766,Jeannot Szwarc
1076,tt0085750,Joe Alves
1077,tt0117119,Peter Segal
1078,tt0116996,Tim Burton
1079,tt0115906,Alexander Payne
1080,tt0116695,Cameron Crowe
1081,tt0093822,Joel Coen
1082,tt0093822,Ethan Coen
1083,tt0094155,Barry Levinson
1084,tt0105435,Phil Alden Robinson
1085,tt0115633,Anjelica Huston
1086,tt0116621,Richard Attenborough
1087,tt0116999,Jerry Zaks
1088,tt0116410,Rob Reiner
1089,tt0115641,Mike Judge
1090,tt0115641,Mike de Seve
1091,tt0115641,Brian Mulroney
1092,tt0115641,Yvette Kaplan
1093,tt0112769,Claude Chabrol
1094,tt0117571,Wes Craven
1095,tt0104691,Michael Mann
1096,tt0117038,Nora Ephron
1097,tt0116477,Kenneth Branagh
1098,tt0117690,Terry George
1099,tt0118163,Dan Ireland
1100,tt0117091,Albert Brooks
1101,tt0118100,André Téchiné
1102,tt0116250,Alan Parker
1103,tt0117364,Jane Campion
1104,tt0067959,Nicolas Roeg
1105,tt0119731,Dwight H. Little
1106,tt0116506,Ralph Ziman
1107,tt0119115,Fred Schepisi
1108,tt0119115,Robert Young
1109,tt0120550,George Miller
1110,tt0120390,Robert Butler
1111,tt0112362,Michael Rymer
1112,tt0116704,Stanley Tong
1113,tt0120414,Roger Christian
1114,tt0118708,Dennis Dugan
1115,tt0119664,Thomas Carter
1116,tt0106535,Andrew Birkin
1117,tt0118928,Roger Donaldson
1118,tt0119644,Peter Baldwin
1119,tt0106266,E. Max Frye
1120,tt0106387,Jeremiah S. Chechik
1121,tt0119937,Steve James
1122,tt0119640,Bryan Spicer
1123,tt0116790,Jan Sverák
1124,tt0119225,Vondie Curtis-Hall
1125,tt0118111,Christopher Guest
1126,tt0118691,Ken Kwapis
1127,tt0120238,Richard Linklater
1128,tt0119887,Paul Miller
1129,tt0119141,Andy Tennant
1130,tt0120357,Paul Schrader
1131,tt0118548,Clint Eastwood
1132,tt0120317,Bob Spiers
1133,tt0120434,Stephen Kessler
1134,tt0116922,David Lynch
1135,tt0120036,John Singleton
1136,tt0119008,Mike Newell
1137,tt0118750,Jeff Pollack
1138,tt0118702,Tamra Davis
1139,tt0119432,John Pasquin
1140,tt0116743,Mira Nair
1141,tt0119951,Betty Thomas
1142,tt0119572,Theodore Witcher
1143,tt0120053,Phillip Noyce
1144,tt0120152,Bille August
1145,tt0115964,David Cronenberg
1146,tt0116041,Greg Mottola
1147,tt0119528,Tom Shadyac
1148,tt0120094,Gregory Nava
1149,tt0118972,Alan J. Pakula
1150,tt0118829,Mark Dindal
1151,tt0118663,Robert Townsend
1152,tt0116931,Emma-Kate Croghan
1153,tt0120389,Shuki Levy
1154,tt0120389,David Winning
1155,tt0118623,Bernard Rose
1156,tt0119013,Hark Tsui
1157,tt0119381,Pat O'Connor
1158,tt0118615,Luis Llosa
1159,tt0119229,George Armitage
1160,tt0116783,Lynne Stopkewich
1161,tt0118541,Tom Schulman
1162,tt0119859,Bruce Beresford
1163,tt0120032,David Mirkin
1164,tt0116295,Kaige Chen
1165,tt0120461,Mick Jackson
1166,tt0115886,Peter Duncan
1167,tt0118655,Jay Roach
1168,tt0118771,Jonathan Mostow
1169,tt0115760,Gregor Nicholas
1170,tt0119109,Ivan Reitman
1171,tt0119116,Luc Besson
1172,tt0119809,Gregg Araki
1173,tt0117398,Jean-Pierre Dardenne
1174,tt0117398,Luc Dardenne
1175,tt0117615,Masayuki Suo
1176,tt0118556,Griffin Dunne
1177,tt0115744,Mark Herman
1178,tt0119567,Steven Spielberg
1179,tt0117359,Jacques Doillon
1180,tt0117561,Steven Soderbergh
1181,tt0120118,Dale Rosenbloom
1182,tt0114303,Clare Peploe
1183,tt0120373,Jonathan Lynn
1184,tt0118787,Caroline Thompson
1185,tt0118880,Simon West
1186,tt0114134,Peter Greenaway
1187,tt0120179,Jan de Bont
1188,tt0118688,Joel Schumacher
1189,tt0120034,Paul Weiland
1190,tt0116502,Jim Wilson
1191,tt0119282,Ron Clements
1192,tt0119282,John Musker
1193,tt0119738,P.J. Hogan
1194,tt0115856,Cédric Klapisch
1195,tt0057345,Jean-Luc Godard
1196,tt0119094,John Woo
1197,tt0119098,Eric Schaeffer
1198,tt0119654,Barry Sonnenfeld
1199,tt0119848,Martha Coolidge
1200,tt0120512,William Dear
1201,tt0120133,Michael Ritchie
1202,tt0118884,Robert Zemeckis
1203,tt0116930,Shirley Barrett
1204,tt0119173,Ridley Scott
1205,tt0082198,John Milius
1206,tt0119190,Sam Weisman
1207,tt0118887,James Mangold
1208,tt0119081,Paul W.S. Anderson
1209,tt0120177,Mark A.Z. Dippé
1210,tt0118570,Charles Martin Smith
1211,tt0119896,Glenn Gordon Caron
1212,tt0119361,Neil LaBute
1213,tt0118818,Mike Leigh
1214,tt0118883,Richard Donner
1215,tt0118966,Barbet Schroeder
1216,tt0120207,Kenneth Johnson
1217,tt0120112,Nick Cassavetes
1218,tt0119311,Bill Duke
1219,tt0119509,Andy Cadiff
1220,tt0119675,Guillermo del Toro
1221,tt0119695,Brett Ratner
1222,tt0119086,Marco Brambilla
1223,tt0119484,John Nicolella
1224,tt0118571,Wolfgang Petersen
1225,tt0118531,Kevin Reynolds
1226,tt0099810,John McTiernan
1227,tt0102494,Gus Van Sant
1228,tt0119465,Tony Vitale
1229,tt0120197,Miguel Arteta
1230,tt0119360,Frank Oz
1231,tt0119051,Lee Tamahori
1232,tt0119874,Mimi Leder
1233,tt0119488,Curtis Hanson
1234,tt0120102,Jean-Jacques Annaud
1235,tt0119468,Gary Fleder
1236,tt0120169,George Tillman Jr.
1237,tt0120524,Robert Kurtzman
1238,tt0120323,Jocelyn Moorhouse
1239,tt0119174,David Fincher
1240,tt0119123,Félix Enríquez Alcalá
1241,tt0120399,Oliver Stone
1242,tt0119632,Mark Joffe
1243,tt0118647,Christian Duguay
1244,tt0120402,Victor Nunez
1245,tt0119349,Ang Lee
1246,tt0118842,Kevin Smith
1247,tt0119164,Peter Cattaneo
1248,tt0116631,Nancy Meckler
1249,tt0119280,John Madden
1250,tt0119345,Jim Gillespie
1251,tt0118971,Taylor Hackford
1252,tt0120029,Stuart Gillard
1253,tt0119906,Andy Wilson
1254,tt0119324,Mark Waters
1255,tt0119107,Errol Morris
1256,tt0120481,Agnieszka Holland
1257,tt0120539,Jim Jarmusch
1258,tt0119177,Andrew Niccol
1259,tt0119095,Charles Sturridge
1260,tt0119891,Joe Chappelle
1261,tt0120257,Beeban Kidron
1262,tt0119535,Danny Boyle
1263,tt0119338,Morgan J. Freeman
1264,tt0119080,Kasi Lemmons
1265,tt0119210,Jeb Stuart
1266,tt0118900,Jim Kouf
1267,tt0083131,Ivan Reitman
1268,tt0118689,Mel Smith
1269,tt0119592,Costa-Gavras
1270,tt0120490,Michael Winterbottom
1271,tt0119527,Jonas Pate
1272,tt0119527,Josh Pate
1273,tt0119978,Francis Ford Coppola
1274,tt0118749,Paul Thomas Anderson
1275,tt0090329,Peter Weir
1276,tt0119365,John Badham
1277,tt0120201,Paul Verhoeven
1278,tt0118901,Sidney Lumet
1279,tt0107282,Wayne Wang
1280,tt0118836,Alex Zamm
1281,tt0120148,Peter Howitt
1282,tt0119707,John R. Leonetti
1283,tt0120382,Peter Weir
1284,tt0120520,Iain Softley
1285,tt0119723,Marleen Gorris
1286,tt0116592,Billy Hopkins
1287,tt0119994,Jon Avnet
1288,tt0119395,Michael Caton-Jones
1289,tt0118617,Don Bluth
1290,tt0118617,Gary Goldman
1291,tt0120483,Jon Amiel
1292,tt0118583,Jean-Pierre Jeunet
1293,tt0118607,Steven Spielberg
1294,tt0118632,Robert Duvall
1295,tt0123385,Agnès Merlet
1296,tt0118698,Sean Mathias
1297,tt0118804,Neil Jordan
1298,tt0118954,Woody Allen
1299,tt0119137,Les Mayfield
1300,tt0119142,Bryan Spicer
1301,tt0119217,Gus Van Sant
1302,tt0119303,Raja Gosnell
1303,tt0119668,Clint Eastwood
1304,tt0119715,Gore Verbinski
1305,tt0120082,Wes Craven
1306,tt0120222,Rodney Gibbons
1307,tt0120255,Atom Egoyan
1308,tt0120338,James Cameron
1309,tt0120347,Roger Spottiswoode
1310,tt0119925,Kevin Costner
1311,tt0119314,Robert Redford
1312,tt0119396,Quentin Tarantino
1313,tt0119485,Martin Scorsese
1314,tt0119718,Stanley Tong
1315,tt0118715,Joel Coen
1316,tt0118715,Ethan Coen
1317,tt0118566,Alan Rudolph
1318,tt0119590,Alain Berliner
1319,tt0119223,Alfonso Cuarón
1320,tt0118539,Sean McNamara
1321,tt0120820,Penelope Spheeris
1322,tt0120885,Barry Levinson
1323,tt0118929,Alex Proyas
1324,tt0120696,Mikael Salomon
1325,tt0120693,Tamra Davis
1326,tt0119099,Gregory Hoblit
1327,tt0120122,Stefan Schwartz
1328,tt0112913,Kar-Wai Wong
1329,tt0119815,Bruno Barreto
1330,tt0120185,Bob Spiers
1331,tt0118956,Stephen Sommers
1332,tt0119734,Charlie Peters
1333,tt0120008,Antoine Fuqua
1334,tt0120594,Michael Radford
1335,tt0119784,Mark Pavia
1336,tt0118747,John Landis
1337,tt0120888,Frank Coraci
1338,tt0120184,Barry Levinson
1339,tt0120782,Volker Schlöndorff
1340,tt0119822,James L. Brooks
1341,tt0099939,Abel Ferrara
1342,tt0119594,Robert Benton
1343,tt0120873,Stuart Baird
1344,tt0120491,Stephan Elliott
1345,tt0119574,Richard Kwietniowski
1346,tt0120661,David Breashears
1347,tt0120661,Stephen Judson
1348,tt0120661,Greg MacGillivray
1349,tt0118744,Jonathan Darby
1350,tt0120241,Peter O'Fallon
1351,tt0120744,Randall Wallace
1352,tt0120769,Richard Linklater
1353,tt0120890,John McNaughton
1354,tt0125454,John Roberts
1355,tt0120642,John N. Smith
1356,tt0119250,Takeshi Kitano
1357,tt0119942,Mike Nichols
1358,tt0120510,M. Night Shyamalan
1359,tt0124179,James Toback
1360,tt0120772,Nicholas Hytner
1361,tt0119305,Stephen Gyllenhaal
1362,tt0119905,Ice Cube
1363,tt0120598,Steve Gomer
1364,tt0124295,Michael Moore
1365,tt0118851,Wayne Wang
1366,tt0120738,Stephen Hopkins
1367,tt0120749,Harold Becker
1368,tt0120176,David Mamet
1369,tt0120632,Brad Silberling
1370,tt0120728,Whit Stillman
1371,tt0120773,Howard Deutch
1372,tt0120765,Michael Lehmann
1373,tt0124718,Spike Lee
1374,tt0119196,Robert Altman
1375,tt0118819,Pedro Almodóvar
1376,tt0120906,Jake Kasdan
1377,tt0118755,Peter Hewitt
1378,tt0120725,Todd Holland
1379,tt0138563,Nick Broomfield
1380,tt0119987,Tom DiCillo
1381,tt0117786,Sammo Kam-Bo Hung
1382,tt0120265,Abbas Kiarostami
1383,tt0119448,Mike van Diem
1384,tt0120841,Peter Medak
1385,tt0120742,John Warren
1386,tt0120609,Kirk Wong
1387,tt0120856,Carl Schenkel
1388,tt0118925,Tim McCanlies
1389,tt0119683,Bille August
1390,tt0118866,Jill Sprecher
1391,tt0120647,Mimi Leder
1392,tt0120800,Frederik Du Chau
1393,tt0120685,Roland Emmerich
1394,tt0118798,Warren Beatty
1395,tt0120669,Terry Gilliam
1396,tt0120777,Don Roos
1397,tt0119053,Christopher Guest
1398,tt0119313,Forest Whitaker
1399,tt0119375,Erik Skjoldbjærg
1400,tt0120401,Scott Reynolds
1401,tt0120787,Andrew Davis
1402,tt0116692,Caroline Link
1403,tt0120828,Ivan Reitman
1404,tt0127723,Harry Elfont
1405,tt0127723,Deborah Kaplan
1406,tt0139362,Lisa Cholodenko
1407,tt0118849,Majid Majidi
1408,tt0116141,Tiffanie DeBartolo
1409,tt0122529,Hal Hartley
1410,tt0119717,Noah Baumbach
1411,tt0120762,Tony Bancroft
1412,tt0120762,Barry Cook
1413,tt0120902,Rob Bowman
1414,tt0126344,Paddy Breathnach
1415,tt0118998,Betty Thomas
1416,tt0120780,Steven Soderbergh
1417,tt0073540,Peter Weir
1418,tt0120321,Chris Eyre
1419,tt0118789,Vincent Gallo
1420,tt0120591,Michael Bay
1421,tt0122151,Richard Donner
1422,tt0123987,Daisy von Scherler Mayer
1423,tt0122718,Joe Dante
1424,tt0138704,Darren Aronofsky
1425,tt0140688,Susan Skoog
1426,tt0129387,Bobby Farrelly
1427,tt0129387,Peter Farrelly
1428,tt0052077,Edward D. Wood Jr.
1429,tt0019729,Harry Beaumont
1430,tt0020629,Lewis Milestone
1431,tt0021746,Wesley Ruggles
1432,tt0022958,Edmund Goulding
1433,tt0026752,Frank Lloyd
1434,tt0027698,Robert Z. Leonard
1435,tt0029146,William Dieterle
1436,tt0030993,Frank Capra
1437,tt0035093,William Wyler
1438,tt0036872,Leo McCarey
1439,tt0037884,Billy Wilder
1440,tt0036868,William Wyler
1441,tt0039416,Elia Kazan
1442,tt0040416,Laurence Olivier
1443,tt0041113,Robert Rossen
1444,tt0045793,Fred Zinnemann
1445,tt0047296,Elia Kazan
1446,tt0048356,Delbert Mann
1447,tt0055614,Jerome Robbins
1448,tt0055614,Robert Wise
1449,tt0057590,Tony Richardson
1450,tt0060665,Fred Zinnemann
1451,tt0061811,Norman Jewison
1452,tt0063385,Carol Reed
1453,tt0064665,John Schlesinger
1454,tt0067116,William Friedkin
1455,tt0075148,John G. Avildsen
1456,tt0079417,Robert Benton
1457,tt0081283,Robert Redford
1458,tt0082158,Hugh Hudson
1459,tt0086425,James L. Brooks
1460,tt0089755,Sydney Pollack
1461,tt0093389,Bernardo Bertolucci
1462,tt0095953,Barry Levinson
1463,tt0097239,Bruce Beresford
1464,tt0065063,Woody Allen
1465,tt0067309,Alan J. Pakula
1466,tt0087995,Alex Cox
1467,tt0100142,Whit Stillman
1468,tt0091369,Jim Henson
1469,tt0088847,John Hughes
1470,tt0089686,Jack Sholder
1471,tt0093629,Chuck Russell
1472,tt0095742,Renny Harlin
1473,tt0097981,Stephen Hopkins
1474,tt0101917,Rachel Talalay
1475,tt0080761,Sean S. Cunningham
1476,tt0082418,Steve Miner
1477,tt0083972,Steve Miner
1478,tt0087298,Joseph Zito
1479,tt0089173,Danny Steinmann
1480,tt0091080,Tom McLoughlin
1481,tt0095179,John Carl Buechler
1482,tt0097388,Rob Hedden
1483,tt0077651,John Carpenter
1484,tt0082495,Rick Rosenthal
1485,tt0085636,Tommy Lee Wallace
1486,tt0095271,Dwight H. Little
1487,tt0097474,Dominique Othenin-Girard
1488,tt0081383,Paul Lynch
1489,tt0105179,Clay Borris
1490,tt0094862,Tom Holland
1491,tt0099253,John Lafia
1492,tt0103956,Jack Bender
1493,tt0084516,Tobe Hooper
1494,tt0091778,Brian Gibson
1495,tt0095889,Gary Sherman
1496,tt0070047,William Friedkin
1497,tt0076009,John Boorman
1498,tt0076009,Rospo Pallenberg
1499,tt0099528,William Peter Blatty
1500,tt0093409,Richard Donner
1501,tt0097733,Richard Donner
1502,tt0104714,Richard Donner
1503,tt0087363,Joe Dante
1504,tt0099700,Joe Dante
1505,tt0099700,Chuck Jones
1506,tt0089218,Richard Donner
1507,tt0120746,Martin Campbell
1508,tt0119910,Theresa Connelly
1509,tt0117898,Michael Oblowitz
1510,tt0070723,Richard Fleischer
1511,tt0017136,Fritz Lang
1512,tt0096874,Robert Zemeckis
1513,tt0099088,Robert Zemeckis
1514,tt0069113,Ronald Neame
1515,tt0076054,Gary Nelson
1516,tt0054594,Robert Stevenson
1517,tt0078790,Vincent McEveety
1518,tt0054649,Jack Donohue
1519,tt0034492,James Algar
1520,tt0034492,Samuel Armstrong
1521,tt0034492,David Hand
1522,tt0034492,Graham Heid
1523,tt0034492,Bill Roberts
1524,tt0034492,Paul Satterfield
1525,tt0034492,Norman Wright
1526,tt0034492,Arthur Davis
1527,tt0034492,Clyde Geronimi
1528,tt0047478,Akira Kurosawa
1529,tt0094947,Stephen Frears
1530,tt0087182,David Lynch
1531,tt0095497,Martin Scorsese
1532,tt0099674,Francis Ford Coppola
1533,tt0102757,Michael Tolkin
1534,tt0119558,Adrian Lyne
1535,tt0134619,David Nutter
1536,tt0120741,Jim Abrahams
1537,tt0120815,Steven Spielberg
1538,tt0066811,Robert Butler
1539,tt0088814,Ted Berman
1540,tt0088814,Richard Rich
1541,tt0078869,Gary Nelson
1542,tt0062737,Robert Stevenson
1543,tt0109287,Rupert Wainwright
1544,tt0075807,Norman Tokar
1545,tt0077305,Norman Tokar
1546,tt0065566,Robert Butler
1547,tt0082199,Charles Jarrott
1548,tt0109520,Sam Weisman
1549,tt0052722,Robert Stevenson
1550,tt0082263,Steven Hilliard Stern
1551,tt0091059,Randal Kleiser
1552,tt0091149,Ron Clements
1553,tt0091149,Burny Mattinson
1554,tt0091149,David Michener
1555,tt0091149,John Musker
1556,tt0080861,Vincent McEveety
1557,tt0076137,Vincent McEveety
1558,tt0107120,Kenny Ortega
1559,tt0104437,Randal Kleiser
1560,tt0097523,Joe Johnston
1561,tt0077698,Robert Butler
1562,tt0056095,Robert Stevenson
1563,tt0057180,Fletcher Markle
1564,tt0120768,F. Gary Gray
1565,tt0120783,Nancy Meyers
1566,tt0131857,David Zucker
1567,tt0098213,Michael Moore
1568,tt0089853,Woody Allen
1569,tt0039689,Jacques Tourneur
1570,tt0059113,David Lean
1571,tt0083922,Ingmar Bergman
1572,tt0090203,Peter Masterson
1573,tt0086423,Bruce Beresford
1574,tt0106273,Roger Spottiswoode
1575,tt0096734,Joe Dante
1576,tt0089126,Kevin Reynolds
1577,tt0071910,Liliana Cavani
1578,tt0082736,István Szabó
1579,tt0090756,David Lynch
1580,tt0089385,Jeremy Kagan
1581,tt0061852,Wolfgang Reitherman
1582,tt0048280,Clyde Geronimi
1583,tt0048280,Wilfred Jackson
1584,tt0048280,Hamilton Luske
1585,tt0048280,Jack Cutting
1586,tt0097757,Ron Clements
1587,tt0097757,John Musker
1588,tt0104868,Stephen Herek
1589,tt0104940,Brian Henson
1590,tt0104990,Kenny Ortega
1591,tt0055254,Clyde Geronimi
1592,tt0055254,Hamilton Luske
1593,tt0055254,Wolfgang Reitherman
1594,tt0046183,Clyde Geronimi
1595,tt0046183,Wilfred Jackson
1596,tt0046183,Hamilton Luske
1597,tt0046183,Jack Kinney
1598,tt0081353,Robert Altman
1599,tt0100477,Hendel Butoy
1600,tt0100477,Mike Gabriel
1601,tt0076618,John Lounsbery
1602,tt0076618,Wolfgang Reitherman
1603,tt0076618,Art Stevens
1604,tt0078158,John Hough
1605,tt0107952,Toby Shelton
1606,tt0107952,Tad Stones
1607,tt0107952,Alan Zaslove
1608,tt0089908,Walter Murch
1609,tt0102803,Joe Johnston
1610,tt0075200,Robert Stevenson
1611,tt0053285,Clyde Geronimi
1612,tt0053285,Les Clark
1613,tt0053285,Hamilton Luske
1614,tt0053285,Wolfgang Reitherman
1615,tt0086336,Jack Clayton
1616,tt0057518,Robert Stevenson
1617,tt0038969,Harve Foster
1618,tt0038969,Wilfred Jackson
1619,tt0088161,Ron Howard
1620,tt0019422,Ub Iwerks
1621,tt0019422,Walt Disney
1622,tt0111359,Jeremiah S. Chechik
1623,tt0084783,Tim Hunter
1624,tt0084827,Steven Lisberger
1625,tt0108265,Thomas Carter
1626,tt0120694,Steve Miner
1627,tt0102250,Mick Jackson
1628,tt0079367,Carl Reiner
1629,tt0083798,Carl Reiner
1630,tt0085894,Carl Reiner
1631,tt0101969,Lawrence Kasdan
1632,tt0086066,Francis Ford Coppola
1633,tt0087469,Steven Spielberg
1634,tt0077869,Ralph Bakshi
1635,tt0087803,Michael Radford
1636,tt0085407,David Cronenberg
1637,tt0091499,Stephen King
1638,tt0107665,Fraser C. Heston
1639,tt0085382,Lewis Teague
1640,tt0087050,Fritz Kiersch
1641,tt0096787,Don Bluth
1642,tt0096787,Gary Goldman(co-director)
1643,tt0096787,Dan Kuenster(co-director)
